ID,Local_ID,Language_ID,Parameter_ID,Value,Form,Segments,Comment,Source,Cognacy,Loan
1,,Pg,010,h-eta,h-eta,h e t a,,,,
2,,Uk,010,h-eta,h-eta,h e t a,,,,
3,,Gv,010,ɡóló-á,ɡóló-á,g ó l ó á,,,,
4,,Zo,010,ɡóló-á,ɡóló-á,g ó l ó á,,,,
5,,Ju,010,iʧíbɨ,iʧíbɨ,i ʧ í b ɨ,,,,
6,,Xi,010,tubɨ,tubɨ,t u b ɨ,,,,
7,,Ta,010,hɨŋa,hɨŋa,h ɨ ŋ a,,,,
8,,Pt,010,-eʔɨi,-eʔɨi,e ʔ ɨ i,,,,
9,,Aw,010,ʔɨtoto,ʔɨtoto,ʔ ɨ t o t o,,,,
10,,Mw,010,kahato,kahato,k a h a t o,,,,
11,,Mu,010,ádé,ádé,á d é,,,,
12,,Ku,010,ʧĩn ~ ʤĩn,ʧĩn ~ ʤĩn,ʧ ĩ n _ <???> _ dʒ ĩ n,,,,
13,,Wa,010,pite,pite,p i t e,,,,
14,,Ma,010,kalejõ,kalejõ,k a l e j õ,,,,
15,,Tu,010,kaɾato,kaɾato,k a ɾ a t o,,,,
16,,Me,010,-obaat,-obaat,o b aa t,,,,
17,,Ka,010,paʔpik-tem,paʔpik-tem,p a ʔ p i k t e m,,,,
18,,Ar,010,kakóó,kakóó,k a k óó,,,,
19,,Sa,010,déét,déét,d éé t,,,,
20,,Su,010,ʃáme.ṍ,ʃáme.ṍ,ʃ á m e � õ,,,,
21,,Kt,010,pitat,pitat,p i t a t,,,,
22,,Ak,013,aʧo,aʧo,a ʧ o,,,,
23,,Aw,013,-watu,-watu,w a t u,,,,
24,,Ju,013,uɾáhu,uɾáhu,u ɾ á h u,,,,
25,,Ka,013,cú,cú,c ú,,,,
26,,Kt,013,tɨɨ,tɨɨ,t ɨɨ,,,,
27,,Ma,013,tʃato,tʃato,tʃ a t o,,,,
28,,Me,013,aʦo,aʦo,a ts o,,,,
29,,Mw,013,-wato,-wato,w a t o,,,,
30,,Pg,013,ɡwasu,ɡwasu,ɡ w a s u,,,,
31,,Pu,013,hu,hu,h u,,,,
32,,Xi,013,uɾahu,uɾahu,u ɾ a h u,,,,
33,,Ar,013,póój,póój,p óó j,,,,
34,,Gv,013,-póòj,-póòj,p ó ò j,,,,
35,,Sa,013,póój,póój,p óó j,,,,
36,,Su,013,póój,póój,p óó j,,,,
37,,Zo,013,póòj,póòj,p ó ò j,,,,
38,,Uk,013,tiha,tiha,t i h a,,,,
39,,Ta,013,oweteo,oweteo,o w e t e o,,,,
40,,Pt,013,-ehãi,-ehãi,e h ã i,,,,
41,,Mu,013,boŋ,boŋ,b o ŋ,,,,
42,,Ku,013,adoɾe(ʔ),adoɾeʔ,a d o ɾ e ʔ,,,,
43,,Wa,013,akaɾa,akaɾa,a k a ɾ a,,,,
44,,Tu,013,eɾaat,eɾaat,e ɾ aa t,,,,
45,,Ar,090,kíít,kíít,k íí t,,,,
46,,Gv,090,-kíìt,-kíìt,k í ì t,,,,
47,,Ka,090,kɨt-tem,kɨt-tem,k ɨ t t e m,,,,
48,,Mw,090,i-kɨsiŋ,i-kɨsiŋ,i k ɨ s i ŋ,,,,
49,,Sa,090,kíít,kíít,k íí t,,,,
50,,Su,090,-kííɾ,-kííɾ,k íí ɾ,,,,
51,,Su,090,-kíɾ,-kíɾ,k í ɾ,,,,
52,,Zo,090,-kíìt,-kíìt,k í ì t,,,,
53,,Aw,090,tiŋ,tiŋ,t i ŋ,,,,
54,,Pg,090,moɾotĩ,moɾotĩ,m o ɾ o t ĩ,,,,
55,,Pt,090,-tiŋ,-tiŋ,t i ŋ,,,,
56,,Tu,090,hitʔe,hitʔe,h i t ʔ e,,,,
57,,Wa,090,ɲʤiɾa,ɲʤiɾa,ɲ dʒ i ɾ a,,,,
58,,Ma,090,ŋɡap,ŋɡap,ŋ g a p,,,,
59,,Xi,090,kapĩ,kapĩ,k a p ĩ,,,,
60,,Kt,090,pok,pok,p o k,,,,
61,,Me,090,i-paak,i-paak,i p aa k,,,,
62,,Pu,090,ajawak,ajawak,a j a w a k,,,,
63,,Ku,090,ɾit,ɾit,ɾ i t,,,,
64,,Mu,090,-ɾət,-ɾət,ɾ ə t,,,,
65,,Uk,090,i-tuwɨɾ,i-tuwɨɾ,i t u w ɨ ɾ,,,,
66,,Ju,090,awĩ́ĩ́wĩĩ,awĩ́ĩ́wĩĩ,a w ĩ́ĩ́ w ĩĩ,,,,
67,,Pg,003,ɲande,ɲande,ɲ a n d e,,,,
68,,Pt,003,ɲande,ɲande,ɲ a n d e,,,,
69,,Ta,003,tjane,tjane,t j a n e,,,,
70,,Uk,003,jande,jande,j a n d e,,,,
71,,Ar,003,panóój,panóój,p a n óó j,,,,
72,,Gv,003,panóój,panóój,p a n óó j,,,,
73,,Su,003,pá.ẽn,pá.ẽn,p á � ẽ n,,,,
74,,Zo,003,panóój,panóój,p a n óó j,,,,
75,,Ak,003,kiʧe,kiʧe,k i ʧ e,,,,
76,,Ju,003,sí,sí,s í,,,,
77,,Me,003,kise-jat,kise-jat,k i s e j a t,,,,
78,,Tu,003,kitwat,kitwat,k i t w a t,,,,
79,,Ku,003,weidɨsip,weidɨsip,w e i d ɨ s i p,,,,
80,,Mu,003,wə̤jʤə́,wə̤jʤə́,w ə̤ j dʒ ə́,,,,
81,,Ka,003,iʔtə́,iʔtə́,i ʔ t ə́,,,,
82,,Kt,003,ɨjʧa,ɨjʧa,ɨ j ʧ a,,,,
83,,Aw,003,kajã,kajã,k a j ã,,,,
84,,Mw,003,aito,aito,a i t o,,,,
85,,Wa,003,ʧiɾe,ʧiɾe,ʧ i ɾ e,,,,
86,,Ma,003,kitẽjã,kitẽjã,k i t ẽ j ã,,,,
87,,Xi,003,uzudɨ,uzudɨ,u z u d ɨ,,,,
88,,Pu,003,je-ßəɾa,je-ßəɾa,j e β ə ɾ a,,,,
89,,Ak,079,kɨjt,kɨjt,k ɨ j t,,,,
90,,Gv,079,ɡṍṍj,ɡṍṍj,g õõ j,,,,
91,,Ma,079,kɨj,kɨj,k ɨ j,,,,
92,,Me,079,kɨmakĩj,kɨmakĩj,k ɨ m a k ĩ j,,,,
93,,Mw,079,ɨi,ɨi,ɨ i,,,,
94,,Pu,079,ʔɨj,ʔɨj,ʔ ɨ j,,,,
95,,Su,079,ŋṍṍj,ŋṍṍj,ŋ õõ j,,,,
96,,Tu,079,kɨjt,kɨjt,k ɨ j t,,,,
97,,Wa,079,kɨɨjt,kɨɨjt,k ɨɨ j t,,,,
98,,Zo,079,ɡṍṍj,ɡṍṍj,g õõ j,,,,
99,,Ju,079,epíá,epíá,e p í á,,,,
100,,Kt,079,ejepi,ejepi,e j e p i,,,,
101,,Ku,079,wiʔ,wiʔ,w i ʔ,,,,
102,,Mu,079,i̤pí,i̤pí,i̤ p í,,,,
103,,Pg,079,ɨvɨ,ɨvɨ,ɨ v ɨ,,,,
104,,Pt,079,ɨvɨ,ɨvɨ,ɨ v ɨ,,,,
105,,Ta,079,ɨwɨ,ɨwɨ,ɨ w ɨ,,,,
106,,Uk,079,ɨwɨ,ɨwɨ,ɨ w ɨ,,,,
107,,Xi,079,ipɨa,ipɨa,i p ɨ a,,,,
108,,Aw,079,amantaʔok,amantaʔok,a m a n t a ʔ o k,,,,
109,,Ka,079,iɡanã,iɡanã,i g a n ã,,,,
110,,Ar,079,ɲẽ́ẽ́j,ɲẽ́ẽ́j,ɲ ẽ́ẽ́ j,,,,
111,,Sa,079,ɡiitʔa,ɡiitʔa,g ii t ʔ a,,,,
112,,Sa,009,sópój,sópój,s ó p ó j,,,,
113,,Zo,009,sopop,sopop,s o p o p,,,,
114,,Pg,009,opa,opa,o p a,,,,
115,,Uk,009,johu,johu,j o h u,,,,
116,,Pt,009,pavẽi,pavẽi,p a v ẽ i,,,,
117,,Aw,009,namãpɨte,namãpɨte,n a m ã p ɨ t e,,,,
118,,Mw,009,toɾania,toɾania,t o ɾ a n i a,,,,
119,,Mu,009,sóat,sóat,s ó a t,,,,
120,,Ku,009,póam,póam,p ó a m,,,,
121,,Wa,009,ndeɡe,ndeɡe,n d e g e,,,,
122,,Ma,009,ßiibmõ,ßiibmõ,β ii b m õ,,,,
123,,Tu,009,eɾote,eɾote,e ɾ o t e,,,,
124,,Me,009,paeseet,paeseet,p a e s ee t,,,,
125,,Xi,009,kiwi,kiwi,k i w i,,,,
126,,Ju,009,bitéhu,bitéhu,b i t é h u,,,,
127,,Gv,009,kĩ́ɾĩ́jã́ã,kĩ́ɾĩ́jã́ã,k ĩ́ ɾ ĩ́ j ã́ ã,,,,
128,,Ar,009,ßéɾep,ßéɾep,β é ɾ e p,,,,
129,,Su,009,baɡatéɾ,baɡatéɾ,b a g a t é ɾ,,,,
130,,Ka,009,iakatĩĩm,iakatĩĩm,i a k a t ĩĩ m,,,,
131,,Ak,022,kɨp,kɨp,k ɨ p,,,,
132,,Ar,022,ɡit,ɡit,g i t,,,,
133,,Aw,022,ʔakɨp,ʔakɨp,ʔ a k ɨ p,,,,
134,,Gv,022,ɡit,ɡit,g i t,,,,
135,,Ju,022,kɨpá,kɨpá,k ɨ p á,,,,
136,,Kt,022,ɡep,ɡep,g e p,,,,
137,,Ku,022,akip,akip,a k i p,,,,
138,,Ma,022,ŋɡɨp,ŋɡɨp,ŋ g ɨ p,,,,
139,,Me,022,kɨp,kɨp,k ɨ p,,,,
140,,Mu,022,kíp,kíp,k í p,,,,
141,,Mw,022,ŋɨp,ŋɨp,ŋ ɨ p,,,,
142,,Pg,022,kɨ,kɨ,k ɨ,,,,
143,,Pt,022,-kɨv,-kɨv,k ɨ v,,,,
144,,Pu,022,tɨp,tɨp,t ɨ p,,,,
145,,Sa,022,ɡip,ɡip,g i p,,,,
146,,Su,022,ŋip,ŋip,ŋ i p,,,,
147,,Ta,022,kɨp,kɨp,k ɨ p,,,,
148,,Tu,022,kɨp,kɨp,k ɨ p,,,,
149,,Uk,022,kɨ,kɨ,k ɨ,,,,
150,,Wa,022,ãŋɡɨp,ãŋɡɨp,ã ŋ g ɨ p,,,,
151,,Xi,022,kɨpa,kɨpa,k ɨ p a,,,,
152,,Zo,022,ɡit,ɡit,g i t,,,,
153,,Ka,022,nãp,nãp,n ã p,,,,
154,,Ar,074,ɡáti-kap,ɡáti-kap,g á t i k a p,,,,
155,,Aw,074,tatɨaʔɨt,tatɨaʔɨt,t a t ɨ a ʔ ɨ t,,,,
156,,Gv,074,ɡáti-káàp,ɡáti-káàp,g á t i k á à p,,,,
157,,Kt,074,oti ɨɾɨpo,oti ɨɾɨpo,o t i _ ɨ ɾ ɨ p o,,,,
158,,Ku,074,waʤí-lala,waʤí-lala,w a dʒ í l a l a,,,,
159,,Pt,074,jaɨtataʔi,jaɨtataʔi,j a ɨ t a t a ʔ i,,,,
160,,Sa,074,ɡáti káp,ɡáti káp,g á t i _ k á p,,,,
161,,Ta,074,tjãɨtãtãhi,tjãɨtãtãhi,t j ã ɨ t ã t ã h i,,,,
162,,Uk,074,jahɨ ɾata,jahɨ ɾata,j a h ɨ _ ɾ a t a,,,,
163,,Ma,074,waɾowaɾo,waɾowaɾo,w a ɾ o w a ɾ o,,,,
164,,Me,074,paɾobaɾo,paɾobaɾo,p a ɾ o b a ɾ o,,,,
165,,Tu,074,waɾowaɾo,waɾowaɾo,w a ɾ o w a ɾ o,,,,
166,,Wa,074,ßaßaɾo,ßaßaɾo,β a β a ɾ o,,,,
167,,Ju,074,anáĩ́bɨa,anáĩ́bɨa,a n á ĩ́ b ɨ a,,,,
168,,Xi,074,nunibɨa,nunibɨa,n u n i b ɨ a,,,,
169,,Su,074,ʧoj-kááp,ʧoj-kááp,ʧ o j k áá p,,,,
170,,Zo,074,zooj-káàp,zooj-káàp,z oo j k á à p,,,,
171,,Pg,074,mbɨja,mbɨja,m b ɨ j a,,,,
172,,Mw,074,waikiɾu,waikiɾu,w a i k i ɾ u,,,,
173,,Mu,074,kasoptá,kasoptá,k a s o p t á,,,,
174,,Ak,074,buɾute,buɾute,b u ɾ u t e,,,,
175,,Ka,074,ciɡamo,ciɡamo,c i g a m o,,,,
176,,Pu,074,tutukujĩp,tutukujĩp,t u t u k u j ĩ p,,,,
177,,Ak,075,ɨkɨ,ɨkɨ,ɨ k ɨ,,,,
178,,Ar,075,ii,ii,ii,,,,
179,,Aw,075,ʔɨ,ʔɨ,ʔ ɨ,,,,
180,,Gv,075,iì pâàp,iì pâàp,i ì _ p â à p,,,,
181,,Ju,075,ijá,ijá,i j á,,,,
182,,Ka,075,icɨ,icɨ,i c ɨ,,,,
183,,Kt,075,ese,ese,e s e,,,,
184,,Ku,075,títi,títi,t í t i,,,,
185,,Ma,075,ʔɨ,ʔɨ,ʔ ɨ,,,,
186,,Me,075,ɨkɨ,ɨkɨ,ɨ k ɨ,,,,
187,,Mu,075,idi̤bí,idi̤bí,i d i̤ b í,,,,
188,,Pg,075,ɨ,ɨ,ɨ,,,,
189,,Pt,075,ɨhɨ,ɨhɨ,ɨ h ɨ,,,,
190,,Pu,075,ʃeɾe,ʃeɾe,ʃ e ɾ e,,,,
191,,Sa,075,ii,ii,ii,,,,
192,,Su,075,íí-ʧeɾ,íí-ʧeɾ,íí ʧ e ɾ,,,,
193,,Ta,075,hɨ,hɨ,h ɨ,,,,
194,,Tu,075,jɨ,jɨ,j ɨ,,,,
195,,Uk,075,ɨ,ɨ,ɨ,,,,
196,,Wa,075,ɨɡɨ,ɨɡɨ,ɨ g ɨ,,,,
197,,Xi,075,ija,ija,i j a,,,,
198,,Zo,075,ii-tet,ii-tet,ii t e t,,,,
199,,Ma,020,mõkiɾa,mõkiɾa,m õ k i ɾ a,,,,
200,,Me,020,õkɨɾa,õkɨɾa,õ k ɨ ɾ a,,,,
201,,Pg,020,ɡwɨɾa,ɡwɨɾa,ɡ w ɨ ɾ a,,,,
202,,Pt,020,ɡwɨɾa,ɡwɨɾa,ɡ w ɨ ɾ a,,,,
203,,Ta,020,wɨɾãhi,wɨɾãhi,w ɨ ɾ ã h i,,,,
204,,Uk,020,wɨɾa,wɨɾa,w ɨ ɾ a,,,,
205,,Wa,020,ɲũkɨɾa,ɲũkɨɾa,ɲ ũ k ɨ ɾ a,,,,
206,,Ar,020,ĩ́dɨt,ĩ́dɨt,ĩ́ d ɨ t,,,,
207,,Gv,020,ĩ́dĩ́ĩt,ĩ́dĩ́ĩt,ĩ́ d ĩ́ ĩ t,,,,
208,,Su,020,ĩ́jɨɨt,ĩ́jɨɨt,ĩ́ j ɨɨ t,,,,
209,,Ku,020,osĩ,osĩ,o s ĩ,,,,
210,,Mu,020,wásə̃,wásə̃,w á s ə̃,,,,
211,,Aw,020,kaɾaʔɨput,kaɾaʔɨput,k a ɾ a ʔ ɨ p u t,,,,
212,,Mw,020,weita,weita,w e i t a,,,,
213,,Tu,020,kɨjamʔiɾi,kɨjamʔiɾi,k ɨ j a m ʔ i ɾ i,,,,
214,,Ak,020,piɾe,piɾe,p i ɾ e,,,,
215,,Ka,020,ĩja ʔɨp,ĩja ʔɨp,ĩ j a _ ʔ ɨ p,,,,
216,,Pu,020,maʃajã,maʃajã,m a ʃ a j ã,,,,
217,,Xi,020,iti,iti,i t i,,,,
218,,Ju,020,uʃíʃí,uʃíʃí,u ʃ í ʃ í,,,,
219,,Kt,020,papɨdnã,papɨdnã,p a p ɨ d n ã,,,,
220,,Ar,036,-ʦép,-ʦép,ts é p,,,,
221,,Aw,036,ap,ap,a p,,,,
222,,Gv,036,-ʦép,-ʦép,ts é p,,,,
223,,Ka,036,aʔ-cap,aʔ-cap,a ʔ c a p,,,,
224,,Ku,036,tap ~ ɬap,tap ~ ɬap,t a p _ <???> _ ɬ a p,,,,
225,,Ma,036,ʧaa,ʧaa,ʧ aa,,,,
226,,Me,036,tap,tap,t a p,,,,
227,,Mu,036,tap ~ dap,tap ~ dap,t a p _ <???> _ d a p,,,,
228,,Mw,036,i-pope sap,i-pope sap,i p o p e _ s a p,,,,
229,,Pg,036,t-aɡwe,t-aɡwe,t a ɡ w e,,,,
230,,Pt,036,-ava,-ava,a v a,,,,
231,,Pu,036,təp,təp,t ə p,,,,
232,,Sa,036,-sép,-sép,s é p,,,,
233,,Ta,036,am,am,a m,,,,
234,,Uk,036,h-a,h-a,h a,,,,
235,,Xi,036,-taba,-taba,t a b a,,,,
236,,Zo,036,-sép,-sép,s é p,,,,
237,,Ak,036,pebo,pebo,p e b o,,,,
238,,Kt,036,papɨ,papɨ,p a p ɨ,,,,
239,,Tu,036,pepʔo,pepʔo,p e p ʔ o,,,,
240,,Wa,036,peo,peo,p e o,,,,
241,,Ju,036,bitahá,bitahá,b i t a h á,,,,
242,,Su,036,-posã́n,-posã́n,p o s ã́ n,,,,
243,,Aw,024,aʔĩj,aʔĩj,a ʔ ĩ j,,,,
244,,Mw,024,h-aʔɨŋ,h-aʔɨŋ,h a ʔ ɨ ŋ,,,,
245,,Pg,024,t-aʔĩi,t-aʔĩi,t a ʔ ĩ i,,,,
246,,Pt,024,-aʔɨɲ,-aʔɨɲ,a ʔ ɨ ɲ,,,,
247,,Ta,024,ãhĩj,ãhĩj,ã h ĩ j,,,,
248,,Uk,024,haʔĩ,haʔĩ,h a ʔ ĩ,,,,
249,,Ar,024,káp,káp,k á p,,,,
250,,Gv,024,káp,káp,k á p,,,,
251,,Gv,024,káàp,káàp,k á à p,,,,
252,,Pu,024,kap,kap,k a p,,,,
253,,Sa,024,káp,káp,k á p,,,,
254,,Su,024,iba-káp,iba-káp,i b a k á p,,,,
255,,Zo,024,káp,káp,k á p,,,,
256,,Ak,024,kit,kit,k i t,,,,
257,,Me,024,kit,kit,k i t,,,,
258,,Tu,024,kit,kit,k i t,,,,
259,,Wa,024,kit,kit,k i t,,,,
260,,Ku,024,ta ~ da,ta ~ da,t a _ <???> _ d a,,,,
261,,Mu,024,ta ~ da,ta ~ da,t a _ <???> _ d a,,,,
262,,Ju,024,-bɨɮá,-bɨɮá,b ɨ ɮ á,,,,
263,,Xi,024,-bɨa,-bɨa,b ɨ a,,,,
264,,Kt,024,sɨpo,sɨpo,s ɨ p o,,,,
265,,Ma,024,ʧupa,ʧupa,ʧ u p a,,,,
266,,Ka,024,aʔ-cot,aʔ-cot,a ʔ c o t,,,,
267,,Ar,004,ãã́,ãã́,ãã �,,,,
268,,Gv,004,ãã́,ãã́,ãã �,,,,
269,,Ju,004,anɨ,anɨ,a n ɨ,,,,
270,,Su,004,ãã́,ãã́,ãã �,,,,
271,,Xi,004,anɨ,anɨ,a n ɨ,,,,
272,,Zo,004,ãã́,ãã́,ãã �,,,,
273,,Ak,004,eme,eme,e m e,,,,
274,,Ka,004,mẽt,mẽt,m ẽ t,,,,
275,,Mw,004,mẽjẽ,mẽjẽ,m ẽ j ẽ,,,,
276,,Uk,004,komeʔẽ,komeʔẽ,k o m e ʔ ẽ,,,,
277,,Wa,004,ẽẽ,ẽẽ,ẽẽ,,,,
278,,Mu,004,i-ʤa,i-ʤa,i dʒ a,,,,
279,,Ta,004,hã,hã,h ã,,,,
280,,Tu,004,ha-,ha-,h a,,,,
281,,Pg,004,ko(va),kova,k o v a,,,,
282,,Pt,004,aɡwa,aɡwa,a ɡ w a,,,,
283,,Aw,004,akoj,akoj,a k o j,,,,
284,,Ma,004,ʧẽɾõ,ʧẽɾõ,ʧ ẽ ɾ õ,,,,
285,,Me,004,op,op,o p,,,,
286,,Kt,004,kahɨt,kahɨt,k a h ɨ t,,,,
287,,Ak,054,apeka,apeka,a p e k a,,,,
288,,Aw,054,ɨʔu,ɨʔu,ɨ ʔ u,,,,
289,,Ka,054,ʔot,ʔot,ʔ o t,,,,
290,,Ku,054,ɮe-jʔo,ɮe-jʔo,ɮ e j ʔ o,,,,
291,,Ma,054,kaʔ,kaʔ,k a ʔ,,,,
292,,Me,054,kaa,kaa,k aa,,,,
293,,Mw,054,aɾe-ʔɨʔu,aɾe-ʔɨʔu,a ɾ e ʔ ɨ ʔ u,,,,
294,,Pg,054,ha-ɨʔu,ha-ɨʔu,h a ɨ ʔ u,,,,
295,,Pt,054,-ɨʔu,-ɨʔu,ɨ ʔ u,,,,
296,,Pu,054,ʔo,ʔo,ʔ o,,,,
297,,Ta,054,ɨho,ɨho,ɨ h o,,,,
298,,Tu,054,ka,ka,k a,,,,
299,,Uk,054,uʔu,uʔu,u ʔ u,,,,
300,,Wa,054,ka,ka,k a,,,,
301,,Ar,054,ci-ßa,ci-ßa,c i β a,,,,
302,,Gv,054,ci-ßa,ci-ßa,c i β a,,,,
303,,Sa,054,-ßa,-ßa,β a,,,,
304,,Zo,054,-ßa,-ßa,β a,,,,
305,,Ju,054,awí,awí,a w í,,,,
306,,Xi,054,wi,wi,w i,,,,
307,,Mu,054,ti-kõn,ti-kõn,t i k õ n,,,,
308,,Su,054,ɡútɡút,ɡútɡút,g ú t g ú t,,,,
309,,Ka,054,ahɨ,ahɨ,a h ɨ,,,,
310,,Ak,056,ʧoka,ʧoka,ʧ o k a,,,,
311,,Aw,056,tuʔu,tuʔu,t u ʔ u,,,,
312,,Ju,056,aʧú,aʧú,a ʧ ú,,,,
313,,Ka,056,-tót,-tót,t ó t,,,,
314,,Kt,056,okoot,okoot,o k oo t,,,,
315,,Me,056,i-soɡoa,i-soɡoa,i s o g o a,,,,
316,,Mw,056,ahe-katuʔu,ahe-katuʔu,a h e k a t u ʔ u,,,,
317,,Pg,056,ai-suʔu,ai-suʔu,a i s u ʔ u,,,,
318,,Pt,056,-huʔu,-huʔu,h u ʔ u,,,,
319,,Pu,056,ʃeka,ʃeka,ʃ e k a,,,,
320,,Sa,056,-ákaal,-ákaal,á k aa l,,,,
321,,Su,056,-áka(a)ɾ,-ákaaɾ,á k aa ɾ,,,,
322,,Ta,056,oho,oho,o h o,,,,
323,,Tu,056,weka,weka,w e k a,,,,
324,,Uk,056,suʔu,suʔu,s u ʔ u,,,,
325,,Xi,056,(a)tu,atu,a t u,,,,
326,,Ar,056,ßa,ßa,β a,,,,
327,,Gv,056,ßa,ßa,β a,,,,
328,,Zo,056,ßa,ßa,β a,,,,
329,,Ma,056,mboɾoŋɡa,mboɾoŋɡa,m b o ɾ o ŋ g a,,,,
330,,Wa,056,pɨɾɨkwa,pɨɾɨkwa,p ɨ ɾ ɨ k w a,,,,
331,,Mu,056,á,á,á,,,,
332,,Ku,056,de-ɮek,de-ɮek,d e ɮ e k,,,,
333,,Ak,051,kem,kem,k e m,,,,
334,,Ar,051,-nãpʔa,-nãpʔa,n ã p ʔ a,,,,
335,,Gv,051,-nam-aá,-nam-aá,n a m a á,,,,
336,,Ju,051,-namã́,-namã́,n a m ã́,,,,
337,,Ka,051,nãm ʔaʔ,nãm ʔaʔ,n ã m _ ʔ a ʔ,,,,
338,,Kt,051,nõm,nõm,n õ m,,,,
339,,Ku,051,kãm,kãm,k ã m,,,,
340,,Ma,051,ŋẽm,ŋẽm,ŋ ẽ m,,,,
341,,Me,051,i-kẽp,i-kẽp,i k ẽ p,,,,
342,,Mu,051,i-kə̃m,i-kə̃m,i k ə̃ m,,,,
343,,Pg,051,kama,kama,k a m a,,,,
344,,Pt,051,-kam,-kam,k a m,,,,
345,,Su,051,-nṍma,-nṍma,n õ m a,,,,
346,,Ta,051,kɨm,kɨm,k ɨ m,,,,
347,,Tu,051,kẽm,kẽm,k ẽ m,,,,
348,,Uk,051,kambɨ,kambɨ,k a m b ɨ,,,,
349,,Wa,051,ŋẽm,ŋẽm,ŋ ẽ m,,,,
350,,Xi,051,namã,namã,n a m ã,,,,
351,,Zo,051,-nãß-ãã,-nãß-ãã,n ã β ãã,,,,
352,,Aw,051,poʐɨʔa,poʐɨʔa,p o ʐ ɨ ʔ a,,,,
353,,Mw,051,ai-potɨʔa,ai-potɨʔa,a i p o t ɨ ʔ a,,,,
354,,Pu,051,poɾabedə,poɾabedə,p o ɾ a b e d ə,,,,
355,,Aw,045,pwã,pwã,p w ã,,,,
356,,Ma,045,mboape,mboape,m b o a p e,,,,
357,,Me,045,po ape,po ape,p o _ a p e,,,,
358,,Pg,045,pɨapẽ,pɨapẽ,p ɨ a p ẽ,,,,
359,,Pt,045,-(puã)pẽ,-puãpẽ,p u ã p ẽ,,,,
360,,Ta,045,mɨapẽ,mɨapẽ,m ɨ a p ẽ,,,,
361,,Uk,045,i-pɨapẽ,i-pɨapẽ,i p ɨ a p ẽ,,,,
362,,Ar,045,-cákõõj,-cákõõj,c á k õõ j,,,,
363,,Gv,045,-kõ̂õ̀j,-kõ̂õ̀j,k õ̂ õ̀ j,,,,
364,,Kt,045,pɨsokõ,pɨsokõ,p ɨ s o k õ,,,,
365,,Sa,045,sakõj,sakõj,s a k õ j,,,,
366,,Su,045,-kõj,-kõj,k õ j,,,,
367,,Zo,045,-pí-kṍṍj,-pí-kṍṍj,p í k õõ j,,,,
368,,Ka,045,i-cijõ,i-cijõ,i c i j õ,,,,
369,,Mw,045,ai-pũʔũjã,ai-pũʔũjã,a i p ũ ʔ ũ j ã,,,,
370,,Pu,045,ʃukujã,ʃukujã,ʃ u k u j ã,,,,
371,,Tu,045,kĩɾĩjã,kĩɾĩjã,k ĩ ɾ ĩ j ã,,,,
372,,Wa,045,kĩɾĩɲã,kĩɾĩɲã,k ĩ ɾ ĩ ɲ ã,,,,
373,,Ku,045,inã,inã,i n ã,,,,
374,,Mu,045,nə̃,nə̃,n ə̃,,,,
375,,Xi,045,-wãɾãʃã,-wãɾãʃã,w ã ɾ ã ʃ ã,,,,
376,,Ju,045,-uʔã́,-uʔã́,u ʔ ã́,,,,
377,,Ak,028,pe,pe,p e,,,,
378,,Ar,028,ʦape,ʦape,ts a p e,,,,
379,,Aw,028,pit,pit,p i t,,,,
380,,Ka,028,aʔ-peon peʔ,aʔ-peon peʔ,a ʔ p e o n _ p e ʔ,,,,
381,,Kt,028,pa,pa,p a,,,,
382,,Ma,028,pe(e),pee,p ee,,,,
383,,Me,028,i-pe,i-pe,i p e,,,,
384,,Mw,028,ai-pe,ai-pe,a i p e,,,,
385,,Pg,028,piɾe,piɾe,p i ɾ e,,,,
386,,Pt,028,-piɾ,-piɾ,p i ɾ,,,,
387,,Pu,028,tabe,tabe,t a b e,,,,
388,,Ta,028,pit,pit,p i t,,,,
389,,Tu,028,pee,pee,p ee,,,,
390,,Uk,028,i-piɾeɾ,i-piɾeɾ,i p i ɾ e ɾ,,,,
391,,Wa,028,pe,pe,p e,,,,
392,,Gv,028,-ʦéɾék,-ʦéɾék,ts é ɾ é k,,,,
393,,Sa,028,-séɾék,-séɾék,s é ɾ é k,,,,
394,,Su,028,ɬéɾék,ɬéɾék,ɬ é ɾ é k,,,,
395,,Zo,028,-séɾék,-séɾék,s é ɾ é k,,,,
396,,Ku,028,kíe,kíe,k í e,,,,
397,,Mu,028,ʃeé,ʃeé,ʃ e é,,,,
398,,Ju,028,-sa,-sa,s a,,,,
399,,Xi,028,-sa,-sa,s a,,,,
400,,Ku,080,kabiɮoɮo,kabiɮoɮo,k a b i ɮ o ɮ o,,,,
401,,Me,080,kwajpe niik,kwajpe niik,k w a j p e _ n ii k,,,,
402,,Mu,080,kabi-kéɾéɾé,kabi-kéɾéɾé,k a b i k é ɾ é ɾ é,,,,
403,,Xi,080,kapusĩã,kapusĩã,k a p u s ĩ ã,,,,
404,,Ar,080,ßakot,ßakot,β a k o t,,,,
405,,Gv,080,ßákoɾaá,ßákoɾaá,β á k o ɾ a á,,,,
406,,Sa,080,ßakóótʔa,ßakóótʔa,β a k óó t ʔ a,,,,
407,,Zo,080,ßákoɾaá,ßákoɾaá,β á k o ɾ a á,,,,
408,,Aw,080,ɨwɨtiŋ,ɨwɨtiŋ,ɨ w ɨ t i ŋ,,,,
409,,Mw,080,ɨwɨhiŋ,ɨwɨhiŋ,ɨ w ɨ h i ŋ,,,,
410,,Pg,080,aɾai,aɾai,a ɾ a i,,,,
411,,Uk,080,ɨwa takãʃĩ,ɨwa takãʃĩ,ɨ w a _ t a k ã ʃ ĩ,,,,
412,,Ta,080,amɨnãip,amɨnãip,a m ɨ n ã i p,,,,
413,,Pt,080,atatiʔŋiuhu,atatiʔŋiuhu,a t a t i ʔ ŋ i u h u,,,,
414,,Wa,080,ɨɡɨpikãɾãŋ,ɨɡɨpikãɾãŋ,ɨ g ɨ p i k ã ɾ ã ŋ,,,,
415,,Ma,080,ɨpɨɡet,ɨpɨɡet,ɨ p ɨ g e t,,,,
416,,Tu,080,jɨtopʔa,jɨtopʔa,j ɨ t o p ʔ a,,,,
417,,Ka,080,caɾoɡĩn,caɾoɡĩn,c a ɾ o g ĩ n,,,,
418,,Su,080,ŋáni-kít,ŋáni-kít,ŋ á n i k í t,,,,
419,,Kt,080,esɨɾa,esɨɾa,e s ɨ ɾ a,,,,
420,,Gv,078,icá-ɡáp,icá-ɡáp,i c á g á p,,,,
421,,Ka,078,caɾokãja,caɾokãja,c a ɾ o k ã j a,,,,
422,,Sa,078,isá-ɡáp,isá-ɡáp,i s á g á p,,,,
423,,Zo,078,icá-ɡáp,icá-ɡáp,i c á g á p,,,,
424,,Kt,078,ʔej,ʔej,ʔ e j,,,,
425,,Mw,078,ɨikɨt,ɨikɨt,ɨ i k ɨ t,,,,
426,,Pu,078,ɨj ʃabaɾakap,ɨj ʃabaɾakap,ɨ j _ ʃ a b a ɾ a k a p,,,,
427,,Pg,078,ɨvɨkuʔi,ɨvɨkuʔi,ɨ v ɨ k u ʔ i,,,,
428,,Uk,078,ɨwɨkuʔi,ɨwɨkuʔi,ɨ w ɨ k u ʔ i,,,,
429,,Aw,078,ɨtaʔatiŋ,ɨtaʔatiŋ,ɨ t a ʔ a t i ŋ,,,,
430,,Pt,078,ɨʔɨtiŋ,ɨʔɨtiŋ,ɨ ʔ ɨ t i ŋ,,,,
431,,Ma,078,kɨʤi,kɨʤi,k ɨ dʒ i,,,,
432,,Wa,078,kĩɲõ,kĩɲõ,k ĩ ɲ õ,,,,
433,,Mu,078,kaʔó-ɾiɾit,kaʔó-ɾiɾit,k a ʔ ó ɾ i ɾ i t,,,,
434,,Ku,078,wíɮaɮa,wíɮaɮa,w í ɮ a ɮ a,,,,
435,,Tu,078,kojõpɨʔɨt,kojõpɨʔɨt,k o j õ p ɨ ʔ ɨ t,,,,
436,,Me,078,topisiɾik,topisiɾik,t o p i s i ɾ i k,,,,
437,,Xi,078,tãjãjã,tãjãjã,t ã j ã j ã,,,,
438,,Ju,078,etá,etá,e t á,,,,
439,,Ar,078,sakít-káp,sakít-káp,s a k í t k á p,,,,
440,,Su,078,ŋõõj-ŋííɾ,ŋõõj-ŋííɾ,ŋ õõ j ŋ íí ɾ,,,,
441,,Ak,057,i-ʧop,i-ʧop,i ʧ o p,,,,
442,,Aw,057,tup,tup,t u p,,,,
443,,Ka,057,toj,toj,t o j,,,,
444,,Kt,057,soʔoot,soʔoot,s o ʔ oo t,,,,
445,,Ku,057,do,do,d o,,,,
446,,Ma,057,to.a,to.a,t o � a,,,,
447,,Me,057,i-soa,i-soa,i s o a,,,,
448,,Mu,057,ʧo,ʧo,ʧ o,,,,
449,,Pu,057,dopa,dopa,d o p a,,,,
450,,Tu,057,toa,toa,t o a,,,,
451,,Wa,057,toa,toa,t o a,,,,
452,,Ju,057,-zákú,-zákú,z á k ú,,,,
453,,Pg,057,a-heʃa,a-heʃa,a h e ʃ a,,,,
454,,Pt,057,-epiaɡ,-epiaɡ,e p i a g,,,,
455,,Ta,057,i-tjãk,i-tjãk,i t j ã k,,,,
456,,Uk,057,u-sak,u-sak,u s a k,,,,
457,,Xi,057,-zaku,-zaku,z a k u,,,,
458,,Ar,057,-íkini,-íkini,í k i n i,,,,
459,,Gv,057,-ákinì,-ákinì,á k i n ì,,,,
460,,Gv,057,-íkinì,-íkinì,í k i n ì,,,,
461,,Sa,057,-íkini,-íkini,í k i n i,,,,
462,,Su,057,-íkĩĩn,-íkĩĩn,í k ĩĩ n,,,,
463,,Zo,057,-íkinì,-íkinì,í k i n ì,,,,
464,,Mw,057,aɾ-aʔakasa,aɾ-aʔakasa,a ɾ a ʔ a k a s a,,,,
465,,Ar,062,-aka,-aka,a k a,,,,
466,,Gv,062,-aka,-aka,a k a,,,,
467,,Ju,062,abákú,abákú,a b á k ú,,,,
468,,Kt,062,okɨ,okɨ,o k ɨ,,,,
469,,Ku,062,aoka,aoka,a o k a,,,,
470,,Mu,062,aóka,aóka,a ó k a,,,,
471,,Mw,062,ati-ʔauka,ati-ʔauka,a t i ʔ a u k a,,,,
472,,Pg,062,a-juka,a-juka,a j u k a,,,,
473,,Pt,062,-juka,-juka,j u k a,,,,
474,,Sa,062,-aka,-aka,a k a,,,,
475,,Su,062,-aka,-aka,a k a,,,,
476,,Uk,062,juk(w)a,jukwa,j u k w a,,,,
477,,Xi,062,abaku,abaku,a b a k u,,,,
478,,Zo,062,-aka,-aka,a k a,,,,
479,,Me,062,s-õpaa,s-õpaa,s õ p aa,,,,
480,,Tu,062,õpa,õpa,õ p a,,,,
481,,Wa,062,õmba,õmba,õ m b a,,,,
482,,Ka,062,aʔ-wĩn,aʔ-wĩn,a ʔ w ĩ n,,,,
483,,Pu,062,ßí,ßí,β í,,,,
484,,Ta,062,hãpitji,hãpitji,h ã p i t j i,,,,
485,,Aw,062,kĩj,kĩj,k ĩ j,,,,
486,,Ma,062,poŋɡa,poŋɡa,p o ŋ g a,,,,
487,,Ak,062,mia,mia,m i a,,,,
488,,Aw,076,aman,aman,a m a n,,,,
489,,Ju,076,amáná,amáná,a m á n á,,,,
490,,Ka,076,amãn,amãn,a m ã n,,,,
491,,Mw,076,i-ʔamaan,i-ʔamaan,i ʔ a m aa n,,,,
492,,Pg,076,ama,ama,a m a,,,,
493,,Pt,076,-aman,-aman,a m a n,,,,
494,,Pu,076,amãn,amãn,a m ã n,,,,
495,,Ta,076,amɨn,amɨn,a m ɨ n,,,,
496,,Uk,076,aman,aman,a m a n,,,,
497,,Xi,076,mana,mana,m a n a,,,,
498,,Ar,076,ʣooj,ʣooj,dz oo j,,,,
499,,Gv,076,ʣoj,ʣoj,dz o j,,,,
500,,Sa,076,zoj,zoj,z o j,,,,
501,,Su,076,ɬoj,ɬoj,ɬ o j,,,,
502,,Zo,076,zoj,zoj,z o j,,,,
503,,Kt,076,e,e,e,,,,
504,,Ma,076,ʔɨ,ʔɨ,ʔ ɨ,,,,
505,,Tu,076,jɨ,jɨ,j ɨ,,,,
506,,Wa,076,ɨɡɨ,ɨɡɨ,ɨ g ɨ,,,,
507,,Ku,076,íbɨjat,íbɨjat,í b ɨ j a t,,,,
508,,Mu,076,wə̃́jbaát,wə̃́jbaát,w ə̃́ j b a á t,,,,
509,,Me,076,asoap,asoap,a s o a p,,,,
510,,Ak,081,niŋ,niŋ,n i ŋ,,,,
511,,Ar,081,ɲííkʔa,ɲííkʔa,ɲ íí k ʔ a,,,,
512,,Ar,081,ɲĩk,ɲĩk,ɲ ĩ k,,,,
513,,Aw,081,taʐatiŋ,taʐatiŋ,t a ʐ a t i ŋ,,,,
514,,Gv,081,pó-kã́j-dĩk,pó-kã́j-dĩk,p ó k ã́ j d ĩ k,,,,
515,,Ju,081,aʃíʃiʔã́,aʃíʃiʔã́,a ʃ í ʃ i ʔ ã́,,,,
516,,Ka,081,caɾoɡĩn,caɾoɡĩn,c a ɾ o g ĩ n,,,,
517,,Kt,081,iso ɲĩŋɡa,iso ɲĩŋɡa,i s o _ ɲ ĩ ŋ g a,,,,
518,,Ku,081,tĩŋ,tĩŋ,t ĩ ŋ,,,,
519,,Ma,081,ɲĩŋɡẽn,ɲĩŋɡẽn,ɲ ĩ ŋ g ẽ n,,,,
520,,Me,081,otat niik,otat niik,o t a t _ n ii k,,,,
521,,Mu,081,tiŋ ~ diŋ,tiŋ ~ diŋ,t i ŋ _ <???> _ d i ŋ,,,,
522,,Mw,081,ɨhiŋ,ɨhiŋ,ɨ h i ŋ,,,,
523,,Pg,081,t-atatĩ,t-atatĩ,t a t a t ĩ,,,,
524,,Pt,081,-atatiŋ,-atatiŋ,a t a t i ŋ,,,,
525,,Sa,081,ßadĩk,ßadĩk,β a d ĩ k,,,,
526,,Su,081,mókáj nĩŋ,mókáj nĩŋ,m ó k á j _ n ĩ ŋ,,,,
527,,Tu,081,sĩn,sĩn,s ĩ n,,,,
528,,Uk,081,tata takãʃĩ,tata takãʃĩ,t a t a _ t a k ã ʃ ĩ,,,,
529,,Wa,081,ɲĩĩŋ,ɲĩĩŋ,ɲ ĩĩ ŋ,,,,
530,,Xi,081,siã,siã,s i ã,,,,
531,,Xi,081,ʃiã,ʃiã,ʃ i ã,,,,
532,,Zo,081,pó-kã́j-nik,pó-kã́j-nik,p ó k ã́ j n i k,,,,
533,,Aw,097,pɨtatu,pɨtatu,p ɨ t a t u,,,,
534,,Pg,097,pɨahu,pɨahu,p ɨ a h u,,,,
535,,Pt,097,-pɨahu,-pɨahu,p ɨ a h u,,,,
536,,Ta,097,hɨão,hɨão,h ɨ ã o,,,,
537,,Uk,097,pɨahu,pɨahu,p ɨ a h u,,,,
538,,Gv,097,-kôɾo,-kôɾo,k ô ɾ o,,,,
539,,Kt,097,ŋot [ɡot],ŋot,ŋ o t,,,,
540,,Sa,097,-koot,-koot,k oo t,,,,
541,,Sa,097,-kooɾ,-kooɾ,k oo ɾ,,,,
542,,Zo,097,-koɾo,-koɾo,k o ɾ o,,,,
543,,Mw,097,i-pakup,i-pakup,i p a k u p,,,,
544,,Mw,097,Wapaɡop,Wapaɡop,w a p a g o p,,,,
545,,Mw,097,Tupakop,Tupakop,t u p a k o p,,,,
546,,Mw,097,Mepaɡop,Mepaɡop,m e p a g o p,,,,
547,,Ak,002,en,en,e n,,,,
548,,Ar,002,ẽẽt,ẽẽt,ẽẽ t,,,,
549,,Aw,002,ʔen,ʔen,ʔ e n,,,,
550,,Gv,002,ẽẽt,ẽẽt,ẽẽ t,,,,
551,,Ju,002,ena,ena,e n a,,,,
552,,Ka,002,ʔẽn,ʔẽn,ʔ ẽ n,,,,
553,,Kt,002,ãn,ãn,ã n,,,,
554,,Ku,002,ẽn,ẽn,ẽ n,,,,
555,,Ma,002,ẽn,ẽn,ẽ n,,,,
556,,Me,002,ẽt,ẽt,ẽ t,,,,
557,,Mu,002,ẽ́n,ẽ́n,ẽ́ n,,,,
558,,Mw,002,en,en,e n,,,,
559,,Pu,002,ʔẽn,ʔẽn,ʔ ẽ n,,,,
560,,Sa,002,ẽẽt,ẽẽt,ẽẽ t,,,,
561,,Su,002,é.ẽn,é.ẽn,é � ẽ n,,,,
562,,Tu,002,ẽn,ẽn,ẽ n,,,,
563,,Wa,002,ʔẽn,ʔẽn,ʔ ẽ n,,,,
564,,Xi,002,ena,ena,e n a,,,,
565,,Zo,002,ẽẽt,ẽẽt,ẽẽ t,,,,
566,,Pg,002,nde,nde,n d e,,,,
567,,Pt,002,nde(he),ndehe,n d e h e,,,,
568,,Ta,002,ane,ane,a n e,,,,
569,,Uk,002,nde,nde,n d e,,,,
570,,Aw,071,ʔe,ʔe,ʔ e,,,,
571,,Gv,071,éè,éè,é è,,,,
572,,Ju,071,a,a,a,,,,
573,,Ka,071,ʔe,ʔe,ʔ e,,,,
574,,Kt,071,ʔa,ʔa,ʔ a,,,,
575,,Me,071,ke,ke,k e,,,,
576,,Mu,071,ʔé,ʔé,ʔ é,,,,
577,,Mw,071,aɾe-ʔe,aɾe-ʔe,a ɾ e ʔ e,,,,
578,,Pg,071,ha-ʔe,ha-ʔe,h a ʔ e,,,,
579,,Pt,071,-ʔe,-ʔe,ʔ e,,,,
580,,Ta,071,a-hẽ,a-hẽ,a h ẽ,,,,
581,,Uk,071,je,je,j e,,,,
582,,Xi,071,ze,ze,z e,,,,
583,,Ma,071,nã,nã,n ã,,,,
584,,Tu,071,emaʔa,emaʔa,e m a ʔ a,,,,
585,,Wa,071,mãjã,mãjã,m ã j ã,,,,
586,,Ak,071,eɾe(k)wa,eɾekwa,e ɾ e k w a,,,,
587,,Pu,071,ßedowɨ,ßedowɨ,β e d o w ɨ,,,,
588,,Ak,048,o-po [obo],o-po,o p o,,,,
589,,Ar,048,-pábe,-pábe,p á b e,,,,
590,,Aw,048,po,po,p o,,,,
591,,Gv,048,-pábe,-pábe,p á b e,,,,
592,,Ju,048,-wá,-wá,w á,,,,
593,,Ka,048,i-pábeʔ,i-pábeʔ,i p á b e ʔ,,,,
594,,Kt,048,pɨ,pɨ,p ɨ,,,,
595,,Ma,048,mbo,mbo,m b o,,,,
596,,Me,048,o-po,o-po,o p o,,,,
597,,Mw,048,ai-po,ai-po,a i p o,,,,
598,,Pg,048,po,po,p o,,,,
599,,Pt,048,-po,-po,p o,,,,
600,,Pu,048,ba,ba,b a,,,,
601,,Sa,048,-pábe,-pábe,p á b e,,,,
602,,Su,048,-pábe,-pábe,p á b e,,,,
603,,Ta,048,ma,ma,m a,,,,
604,,Tu,048,ɸo,ɸo,ɸ o,,,,
605,,Uk,048,i-po,i-po,i p o,,,,
606,,Wa,048,mbo,mbo,m b o,,,,
607,,Wa,048,o-ßo,o-ßo,o β o,,,,
608,,Xi,048,-ba,-ba,b a,,,,
609,,Zo,048,-pábe,-pábe,p á b e,,,,
610,,Ku,048,bɨ,bɨ,b ɨ,,,,
611,,Mu,048,i-bə́,i-bə́,i b ə́,,,,
612,,Ar,073,ɡáti,ɡáti,g á t i,,,,
613,,Ar,073,ɡát-ti,ɡát-ti,g á t t i,,,,
614,,Aw,073,tatɨ,tatɨ,t a t ɨ,,,,
615,,Gv,073,ɡáti,ɡáti,g á t i,,,,
616,,Kt,073,oti,oti,o t i,,,,
617,,Ku,073,waʤi,waʤi,w a dʒ i,,,,
618,,Mw,073,watɨ,watɨ,w a t ɨ,,,,
619,,Pg,073,jasɨ,jasɨ,j a s ɨ,,,,
620,,Pt,073,jahɨ,jahɨ,j a h ɨ,,,,
621,,Su,073,ŋátikát,ŋátikát,ŋ á t i k á t,,,,
622,,Uk,073,jahɨ,jahɨ,j a h ɨ,,,,
623,,Zo,073,ɡáti,ɡáti,g á t i,,,,
624,,Me,073,pakoɾi,pakoɾi,p a k o ɾ i,,,,
625,,Wa,073,pakoɾi,pakoɾi,p a k o ɾ i,,,,
626,,Ju,073,mãdíká,mãdíká,m ã d í k á,,,,
627,,Xi,073,mãdɨka,mãdɨka,m ã d ɨ k a,,,,
628,,Mu,073,káʃi,káʃi,k á ʃ i,,,,
629,,Ma,073,ʔulii,ʔulii,ʔ u l ii,,,,
630,,Tu,073,koepa,koepa,k o e p a,,,,
631,,Ak,073,epapap,epapap,e p a p a p,,,,
632,,Ka,073,wen,wen,w e n,,,,
633,,Pu,073,ßeɾeja,ßeɾeja,β e ɾ e j a,,,,
634,,Aw,098,ʔapoʔa,ʔapoʔa,ʔ a p o ʔ a,,,,
635,,Pg,098,apuʔa,apuʔa,a p u ʔ a,,,,
636,,Uk,098,puʔa,puʔa,p u ʔ a,,,,
637,,Ta,098,ãpajã,ãpajã,ã p a j ã,,,,
638,,Pt,098,akaŋaʔi,akaŋaʔi,a k a ŋ a ʔ i,,,,
639,,Mw,098,i-pok,i-pok,i p o k,,,,
640,,Mu,098,ɾo̤jɾə̤j,ɾo̤jɾə̤j,ɾ o j ɾ ə̤ j,,,,
641,,Ma,098,aßɨßɨßa,aßɨßɨßa,a β ɨ β ɨ β a,,,,
642,,Tu,098,toɾo,toɾo,t o ɾ o,,,,
643,,Kt,098,atĩnã,atĩnã,a t ĩ n ã,,,,
644,,Ka,098,piɾon-nem,piɾon-nem,p i ɾ o n n e m,,,,
645,,Ar,039,-nepiʔap,-nepiʔap,n e p i ʔ a p,,,,
646,,Aw,039,j-ãpi,j-ãpi,j ã p i,,,,
647,,Gv,039,-nepî-àp,-nepî-àp,n e p î à p,,,,
648,,Ku,039,jaõpi,jaõpi,j a õ p i,,,,
649,,Mu,039,nə̤jbə́,nə̤jbə́,n ə̤ j b ə́,,,,
650,,Pg,039,nambi,nambi,n a m b i,,,,
651,,Pt,039,nambi,nambi,n a m b i,,,,
652,,Sa,039,nãbi-bé,nãbi-bé,n ã b i b é,,,,
653,,Su,039,-nepi-bé,-nepi-bé,n e p i b é,,,,
654,,Ta,039,nami,nami,n a m i,,,,
655,,Uk,039,i-nambi,i-nambi,i n a m b i,,,,
656,,Zo,039,-népí-áp,-népí-áp,n é p í á p,,,,
657,,Ak,039,apitep,apitep,a p i t e p,,,,
658,,Ka,039,opiɾisap,opiɾisap,o p i ɾ i s a p,,,,
659,,Ma,039,aʔpiʧeep,aʔpiʧeep,a ʔ p i ʧ ee p,,,,
660,,Me,039,o-apitep,o-apitep,o a p i t e p,,,,
661,,Mw,039,ai-hape,ai-hape,a i h a p e,,,,
662,,Tu,039,apsiɾipʔa,apsiɾipʔa,a p s i ɾ i p ʔ a,,,,
663,,Wa,039,apitep,apitep,a p i t e p,,,,
664,,Xi,039,jãʃuka,jãʃuka,j ã ʃ u k a,,,,
665,,Ka,039,i-nakɨɾa peʔ,i-nakɨɾa peʔ,i n a k ɨ ɾ a _ p e ʔ,,,,
666,,Pu,039,ʃapetə,ʃapetə,ʃ a p e t ə,,,,
667,,Ak,032,umbitaap,umbitaap,u m b i t a a p,,,,
668,,Aw,032,upiʔa,upiʔa,u p i ʔ a,,,,
669,,Ju,032,upiá,upiá,u p i á,,,,
670,,Ku,032,tóbia̤ ~ ɮóbia̤,tóbia̤ ~ ɮóbia̤,t ó b i a̤ _ <???> _ ɮ ó b i a̤,,,,
671,,Ma,032,ʧopi.a,ʧopi.a,ʧ o p i � a,,,,
672,,Me,032,opiʦa,opiʦa,o p i ts a,,,,
673,,Mu,032,topsa̤ ~ dopsa̤,topsa̤ ~ dopsa̤,t o p s a̤ _ <???> _ d o p s a̤,,,,
674,,Mw,032,h-upiʔa,h-upiʔa,h u p i ʔ a,,,,
675,,Pg,032,t-upiʔa,t-upiʔa,t u p i ʔ a,,,,
676,,Pt,032,-upiʔa,-upiʔa,u p i ʔ a,,,,
677,,Su,032,sɨpi,sɨpi,s ɨ p i,,,,
678,,Ta,032,opihã,opihã,o p i h ã,,,,
679,,Tu,032,opsiʔa,opsiʔa,o p s i ʔ a,,,,
680,,Uk,032,i-piʔa,i-piʔa,i p i ʔ a,,,,
681,,Wa,032,ɨpia,ɨpia,ɨ p i a,,,,
682,,Xi,032,i-ʤia,i-ʤia,i dʒ i a,,,,
683,,Ar,032,káp,káp,k á p,,,,
684,,Gv,032,káp,káp,k á p,,,,
685,,Pu,032,akap,akap,a k a p,,,,
686,,Sa,032,káp,káp,k á p,,,,
687,,Su,032,káp,káp,k á p,,,,
688,,Zo,032,káp,káp,k á p,,,,
689,,Ka,032,aʔ-joɡa,aʔ-joɡa,a ʔ j o g a,,,,
690,,Ak,035,owaj,owaj,o w a j,,,,
691,,Aw,035,uwaj,uwaj,u w a j,,,,
692,,Ju,035,wátáha,wátáha,w á t á h a,,,,
693,,Kt,035,sɨpoj,sɨpoj,s ɨ p o j,,,,
694,,Ku,035,tajbɨʔ,tajbɨʔ,t a j b ɨ ʔ,,,,
695,,Ma,035,ɲẽn-tʃoaj,ɲẽn-tʃoaj,ɲ ẽ n tʃ o a j,,,,
696,,Mu,035,toa̤jbə́ ~ doa̤jbə́,toa̤jbə́ ~ doa̤jbə́,t o a̤ j b ə́ _ <???> _ d o a̤ j b ə́,,,,
697,,Mw,035,h-owaipo,h-owaipo,h o w a i p o,,,,
698,,Pg,035,t-uɡwaj,t-uɡwaj,t u ɡ w a j,,,,
699,,Pt,035,ɡwaja,ɡwaja,ɡ w a j a,,,,
700,,Ta,035,owãj,owãj,o w ã j,,,,
701,,Tu,035,oajt,oajt,o a j t,,,,
702,,Uk,035,h-uwaj,h-uwaj,h u w a j,,,,
703,,Wa,035,ɲʤokwaj,ɲʤokwaj,ɲ dʒ o k w a j,,,,
704,,Xi,035,watapa,watapa,w a t a p a,,,,
705,,Ar,035,-ʦapṍp,-ʦapṍp,ts a p õ p,,,,
706,,Gv,035,-ʦapṍõ̀p,-ʦapṍõ̀p,ts a p õ õ̀ p,,,,
707,,Ka,035,aʔ-capóp pɨʔ,aʔ-capóp pɨʔ,a ʔ c a p ó p _ p ɨ ʔ,,,,
708,,Pu,035,tabop,tabop,t a b o p,,,,
709,,Sa,035,-sapṍp,-sapṍp,s a p õ p,,,,
710,,Su,035,-sapom,-sapom,s a p o m,,,,
711,,Zo,035,-sapṍõ̀p,-sapṍõ̀p,s a p õ õ̀ p,,,,
712,,Me,035,s-apiɾip,s-apiɾip,s a p i ɾ i p,,,,
713,,Ar,011,mṍṍt,mṍṍt,m õõ t,,,,
714,,Gv,011,móòj,móòj,m ó ò j,,,,
715,,Pu,011,mõm,mõm,m õ m,,,,
716,,Sa,011,mṍṍt,mṍṍt,m õõ t,,,,
717,,Su,011,mááj,mááj,m áá j,,,,
718,,Zo,011,móòj,móòj,m ó ò j,,,,
719,,Ak,011,kɨte,kɨte,k ɨ t e,,,,
720,,Ma,011,eɾekɨt,eɾekɨt,e ɾ e k ɨ t,,,,
721,,Me,011,kiʦe,kiʦe,k i ts e,,,,
722,,Me,011,kie-ka,kie-ka,k i e k a,,,,
723,,Tu,011,kie,kie,k i e,,,,
724,,Wa,011,kiet,kiet,k i e t,,,,
725,,Pg,011,peteĩ,peteĩ,p e t e ĩ,,,,
726,,Uk,011,peteĩ,peteĩ,p e t e ĩ,,,,
727,,Ju,011,meméhinaku,meméhinaku,m e m é h i n a k u,,,,
728,,Xi,011,memehinaku,memehinaku,m e m e h i n a k u,,,,
729,,Ta,011,ãtjepe,ãtjepe,ã t j e p e,,,,
730,,Pt,011,ojipéji,ojipéji,o j i p é j i,,,,
731,,Aw,011,momoʐoʦu,momoʐoʦu,m o m o ʐ o ts u,,,,
732,,Mw,011,wẽtup,wẽtup,w ẽ t u p,,,,
733,,Mu,011,pə̃́ŋ,pə̃́ŋ,p ə̃́ ŋ,,,,
734,,Ku,011,dá,dá,d á,,,,
735,,Ka,011,kotĩ-ɾem,kotĩ-ɾem,k o t ĩ ɾ e m,,,,
736,,Kt,011,mĩhĩnt,mĩhĩnt,m ĩ h ĩ n t,,,,
737,,Ar,006,mé,mé,m é,,,,
738,,Gv,006,mé,mé,m é,,,,
739,,Sa,006,mé,mé,m é,,,,
740,,Zo,006,mé,mé,m é,,,,
741,,Kt,006,mõɾã,mõɾã,m õ ɾ ã,,,,
742,,Pg,006,mbaʔe,mbaʔe,m b a ʔ e,,,,
743,,Ta,006,mahe,mahe,m a h e,,,,
744,,Uk,006,maʔe,maʔe,m a ʔ e,,,,
745,,Aw,006,kaɾika,kaɾika,k a ɾ i k a,,,,
746,,Mw,006,kat,kat,k a t,,,,
747,,Pt,006,ɡaɾa,ɡaɾa,g a ɾ a,,,,
748,,Tu,006,kat,kat,k a t,,,,
749,,Ku,006,ado,ado,a d o,,,,
750,,Me,006,aɾop,aɾop,a ɾ o p,,,,
751,,Mu,006,aʤó ~ áʤo,aʤó ~ áʤo,a ʤ ó _ <???> _ á dʒ o,,,,
752,,Wa,006,aɾop,aɾop,a ɾ o p,,,,
753,,Ju,006,apá,apá,a p á,,,,
754,,Xi,006,apa,apa,a p a,,,,
755,,Ma,006,alikʔop,alikʔop,a l i k ʔ o p,,,,
756,,Su,006,nã́ãn,nã́ãn,n ã́ ã n,,,,
757,,Ka,006,kɨt,kɨt,k ɨ t,,,,
758,,Ma,038,akaɾe,akaɾe,a k a ɾ e,,,,
759,,Mw,038,ai-ʔakaŋ,ai-ʔakaŋ,a i ʔ a k a ŋ,,,,
760,,Pg,038,akã,akã,a k ã,,,,
761,,Pt,038,-akaŋ,-akaŋ,a k a ŋ,,,,
762,,Pu,038,aʃã,aʃã,a ʃ ã,,,,
763,,Ta,038,ãkɨŋ,ãkɨŋ,ã k ɨ ŋ,,,,
764,,Uk,038,i-akã,i-akã,i a k ã,,,,
765,,Ar,038,-ádát,-ádát,á d á t,,,,
766,,Gv,038,-ádáàt,-ádáàt,á d á à t,,,,
767,,Sa,038,-adátʔa,-adátʔa,a d á t ʔ a,,,,
768,,Sa,038,ã́dátʔa,ã́dátʔa,ã́ d á t ʔ a,,,,
769,,Su,038,-ánáɾ,-ánáɾ,á n á ɾ,,,,
770,,Su,038,ã́nááɾ,ã́nááɾ,ã́ n áá ɾ,,,,
771,,Zo,038,-ádáàt,-ádáàt,á d á à t,,,,
772,,Zo,038,ã́dáàt,ã́dáàt,ã́ d á à t,,,,
773,,Kt,038,ʔo,ʔo,ʔ o,,,,
774,,Ku,038,ʔa,ʔa,ʔ a,,,,
775,,Mu,038,aʔá,aʔá,a ʔ á,,,,
776,,Ak,038,anam,anam,a n a m,,,,
777,,Me,038,s-anɨp,s-anɨp,s a n ɨ p,,,,
778,,Ju,038,-tabá,-tabá,t a b á,,,,
779,,Xi,038,-taba,-taba,t a b a,,,,
780,,Aw,038,ʔaput,ʔaput,ʔ a p u t,,,,
781,,Wa,038,oja,oja,o j a,,,,
782,,Tu,038,apapʔa,apapʔa,a p a p ʔ a,,,,
783,,Ka,038,anaká,anaká,a n a k á,,,,
784,,Ar,069,-adóó,-adóó,a d óó,,,,
785,,Gv,069,-ádóò,-ádóò,á d ó ò,,,,
786,,Sa,069,-ãdóó,-ãdóó,ã d óó,,,,
787,,Su,069,-anóó,-anóó,a n óó,,,,
788,,Zo,069,-ádóò,-ádóò,á d ó ò,,,,
789,,Mw,069,i-põiʔam,i-põiʔam,i p õ i ʔ a m,,,,
790,,Pt,069,-am,-am,a m,,,,
791,,Uk,069,puʔam,puʔam,p u ʔ a m,,,,
792,,Ku,069,ʧãŋ-ʔi,ʧãŋ-ʔi,ʧ ã ŋ ʔ i,,,,
793,,Mu,069,ʧəŋ-ʔí,ʧəŋ-ʔí,ʧ ə ŋ ʔ í,,,,
794,,Ju,069,mísu,mísu,m í s u,,,,
795,,Xi,069,maseu,maseu,m a s e u,,,,
796,,Ka,069,-jat,-jat,j a t,,,,
797,,Pu,069,ʔõn aja,ʔõn aja,ʔ õ n _ a j a,,,,
798,,Pg,069,a-ɲemboʔɨ,a-ɲemboʔɨ,a ɲ e m b o ʔ ɨ,,,,
799,,Ta,069,tjop,tjop,t j o p,,,,
800,,Aw,069,oʔãpeju,oʔãpeju,o ʔ ã p e j u,,,,
801,,Wa,069,eŋɡwetikia,eŋɡwetikia,e ŋ ɡ w e t i k i a,,,,
802,,Ma,069,piitʃe,piitʃe,p ii tʃ e,,,,
803,,Tu,069,osiɾa,osiɾa,o s i ɾ a,,,,
804,,Ak,069,keɾep na,keɾep na,k e ɾ e p _ n a,,,,
805,,Me,069,poɡeta,poɡeta,p o g e t a,,,,
806,,Kt,069,ʤɨɡŋã,ʤɨɡŋã,dʒ ɨ g ŋ ã,,,,
807,,Ku,049,ʔɨk,ʔɨk,ʔ ɨ k,,,,
808,,Mu,049,ʔək,ʔək,ʔ ə k,,,,
809,,Pt,049,-eveɡ,-eveɡ,e v e g,,,,
810,,Ta,049,ewek,ewek,e w e k,,,,
811,,Ka,049,i-kun,i-kun,i k u n,,,,
812,,Kt,049,kõɲ,kõɲ,k õ ɲ,,,,
813,,Su,049,-ɡã,-ɡã,g ã,,,,
814,,Su,049,-áɡã́ã,-áɡã́ã,á g ã́ ã,,,,
815,,Ma,049,ɲeɨpe,ɲeɨpe,ɲ e ɨ p e,,,,
816,,Mu,049,mãĩn,mãĩn,m ã ĩ n,,,,
817,,Ak,049,eʔo,eʔo,e ʔ o,,,,
818,,Me,049,e.ɨt,e.ɨt,e � ɨ t,,,,
819,,Ju,049,-wãzá,-wãzá,w ã z á,,,,
820,,Xi,049,-waza,-waza,w a z a,,,,
821,,Ar,049,-piʔap,-piʔap,p i ʔ a p,,,,
822,,Gv,049,-pí-ap,-pí-ap,p í a p,,,,
823,,Pg,049,t-ɨe,t-ɨe,t ɨ e,,,,
824,,Uk,049,ndɨwa,ndɨwa,n d ɨ w a,,,,
825,,Aw,049,polaw,polaw,p o l a w,,,,
826,,Ma,049,ahunhɨʔa,ahunhɨʔa,a h u n h ɨ ʔ a,,,,
827,,Tu,049,patak,patak,p a t a k,,,,
828,,Pu,049,ʃuɾuaka,ʃuɾuaka,ʃ u ɾ u a k a,,,,
829,,Zo,049,-kolí-á,-kolí-á,k o l í á,,,,
830,,Sa,049,-pakʔik,-pakʔik,p a k ʔ i k,,,,
831,,Ma,042,ßuɾaʔpi,ßuɾaʔpi,β u ɾ a ʔ p i,,,,
832,,Pg,042,juɾu,juɾu,j u ɾ u,,,,
833,,Pt,042,juɾu,juɾu,j u ɾ u,,,,
834,,Pu,042,uɾuʔap,uɾuʔap,u ɾ u ʔ a p,,,,
835,,Ta,042,tjoɾo,tjoɾo,t j o ɾ o,,,,
836,,Uk,042,juɾu,juɾu,j u ɾ u,,,,
837,,Ar,042,-ko,-ko,k o,,,,
838,,Gv,042,-ko,-ko,k o,,,,
839,,Kt,042,koɾõmbo,koɾõmbo,k o ɾ õ m b o,,,,
840,,Sa,042,-ko,-ko,k o,,,,
841,,Su,042,-ko,-ko,k o,,,,
842,,Zo,042,-ko,-ko,k o,,,,
843,,Ak,042,jẽ,jẽ,j ẽ,,,,
844,,Me,042,-ĩjẽ,-ĩjẽ,ĩ j ẽ,,,,
845,,Me,042,ĩɲẽ,ĩɲẽ,ĩ ɲ ẽ,,,,
846,,Mw,042,ai-wẽ,ai-wẽ,a i w ẽ,,,,
847,,Tu,042,ojẽ,ojẽ,o j ẽ,,,,
848,,Wa,042,iɲẽmpe,iɲẽmpe,i ɲ ẽ m p e,,,,
849,,Aw,042,atupɨ,atupɨ,a t u p ɨ,,,,
850,,Ku,042,bi(ʔ),biʔ,b i ʔ,,,,
851,,Mu,042,pi ~ bi,pi ~ bi,p i _ <???> _ b i,,,,
852,,Xi,042,-mita,-mita,m i t a,,,,
853,,Ju,042,káʃĩbɨa,káʃĩbɨa,k á ʃ ĩ b ɨ a,,,,
854,,Ka,042,aʔ-nãk káʔ,aʔ-nãk káʔ,a ʔ n ã k _ k á ʔ,,,,
855,,Ak,094,kɨpiʧi,kɨpiʧi,k ɨ p i ʧ i,,,,
856,,Ju,094,kuáku,kuáku,k u á k u,,,,
857,,Ju,094,itaʔákú,itaʔákú,i t a ʔ á k ú,,,,
858,,Ka,094,pitẽk-tem,pitẽk-tem,p i t ẽ k t e m,,,,
859,,Ka,094,Pubidek,Pubidek,p u b i d e k,,,,
860,,Ka,094,Arɟitã́k ká,Arɟitã́k ká,a r ɟ i t ã́ k _ k á,,,,
861,,Ka,094,Saʃítak,Saʃítak,s a ʃ í t a k,,,,
862,,Ka,094,Suʃitak,Suʃitak,s u ʃ i t a k,,,,
863,,Ka,094,Ktãndik,Ktãndik,k t ã n d i k,,,,
864,,Ku,094,i-ʧɨk,i-ʧɨk,i ʧ ɨ k,,,,
865,,Ku,094,kádɨ̤k,kádɨ̤k,k á d ɨ̤ k,,,,
866,,Me,094,piʦiik,piʦiik,p i ts ii k,,,,
867,,Mu,094,i-ʧə̤k,i-ʧə̤k,i ʧ ə̤ k,,,,
868,,Mu,094,ka-ʤə̤k,ka-ʤə̤k,k a dʒ ə̤ k,,,,
869,,Mw,094,ɾaʔak,ɾaʔak,ɾ a ʔ a k,,,,
870,,Wa,094,pitiik,pitiik,p i t ii k,,,,
871,,Xi,094,taku,taku,t a k u,,,,
872,,Uk,094,i-ɾɨsã,i-ɾɨsã,i ɾ ɨ s ã,,,,
873,,Ta,094,õhɨɨŋ,õhɨɨŋ,õ h ɨɨ ŋ,,,,
874,,Ak,052,anoa,anoa,a n o a,,,,
875,,Ar,052,-áɡṍ-káp,-áɡṍ-káp,á g õ k á p,,,,
876,,Gv,052,-áɡṍ-ã,-áɡṍ-ã,á g õ ã,,,,
877,,Me,052,o-anoa,o-anoa,o a n o a,,,,
878,,Sa,052,-ãɡõʔã,-ãɡõʔã,ã g õ ʔ ã,,,,
879,,Su,052,-áɡṍ-ã,-áɡṍ-ã,á g õ ã,,,,
880,,Tu,052,anoʔa,anoʔa,a n o ʔ a,,,,
881,,Wa,052,mãnõã,mãnõã,m ã n õ ã,,,,
882,,Zo,052,-áɡṍ-ã,-áɡṍ-ã,á g õ ã,,,,
883,,Aw,052,etãj,etãj,e t ã j,,,,
884,,Mw,052,ai-weʔã,ai-weʔã,a i w e ʔ ã,,,,
885,,Pg,052,ɲeʔã,ɲeʔã,ɲ e ʔ ã,,,,
886,,Pt,052,-ɲaʔaʔi,-ɲaʔaʔi,ɲ a ʔ a ʔ i,,,,
887,,Ta,052,tjɨhĩ,tjɨhĩ,t j ɨ h ĩ,,,,
888,,Uk,052,ʃiɾaha(m),ʃiɾaham,ʃ i ɾ a h a m,,,,
889,,Mu,052,aʔõʃabida,aʔõʃabida,a ʔ õ ʃ a b i d a,,,,
890,,Ku,052,ʧõŋʧõŋʔa,ʧõŋʧõŋʔa,ʧ õ ŋ ʧ õ ŋ ʔ a,,,,
891,,Ma,052,pɨɨto,pɨɨto,p ɨɨ t o,,,,
892,,Ju,052,waĩkáhá,waĩkáhá,w a ĩ k á h á,,,,
893,,Ka,052,i-cáɾaɡáʔ,i-cáɾaɡáʔ,i c á ɾ a g á ʔ,,,,
894,,Pu,052,mɨnaka,mɨnaka,m ɨ n a k a,,,,
895,,Kt,052,hadnĩpa,hadnĩpa,h a d n ĩ p a,,,,
896,,Ak,008,nom,nom,n o m,,,,
897,,Ar,008,ṍṍp,ṍṍp,õõ p,,,,
898,,Gv,008,ṍõ̀p,ṍõ̀p,õ õ̀ p,,,,
899,,Me,008,nop,nop,n o p,,,,
900,,Pu,008,nõ,nõ,n õ,,,,
901,,Tu,008,-ʔõm,-ʔõm,ʔ õ m,,,,
902,,Wa,008,-õm,-õm,õ m,,,,
903,,Zo,008,ṍõ̀p,ṍõ̀p,õ õ̀ p,,,,
904,,Mw,008,ɨ(ɨ)t ʔi,ɨɨt ʔi,ɨɨ t _ ʔ i,,,,
905,,Pg,008,nd(V)- -i,ndV- -i,n d � _ i,,,,
906,,Pt,008,n(d)- -i,nd- -i,n d _ i,,,,
907,,Ta,008,n(ã)- -i,nã- -i,n ã _ i,,,,
908,,Ju,008,-aũ,-aũ,a ũ,,,,
909,,Ju,008,-ma,-ma,m a,,,,
910,,Xi,008,-aũ,-aũ,a ũ,,,,
911,,Xi,008,-ma,-ma,m a,,,,
912,,Uk,008,ɨm,ɨm,ɨ m,,,,
913,,Aw,008,an,an,a n,,,,
914,,Mu,008,ŋə́,ŋə́,ŋ ə́,,,,
915,,Ma,008,piit,piit,p ii t,,,,
916,,Ka,008,iʔke,iʔke,i ʔ k e,,,,
917,,Sa,008,aʔõ,aʔõ,a ʔ õ,,,,
918,,Kt,008,padnĩ,padnĩ,p a d n ĩ,,,,
919,,Ar,084,-kã́j,-kã́j,k ã́ j,,,,
920,,Gv,084,-kã́ã̀j,-kã́ã̀j,k ã́ ã̀ j,,,,
921,,Pg,084,o-kaj,o-kaj,o k a j,,,,
922,,Pt,084,-kai,-kai,k a i,,,,
923,,Sa,084,-kã́j,-kã́j,k ã́ j,,,,
924,,Ta,084,kãj,kãj,k ã j,,,,
925,,Uk,084,uk(w)aj,ukwaj,u k w a j,,,,
926,,Zo,084,-kã́ã̀j,-kã́ã̀j,k ã́ ã̀ j,,,,
927,,Aw,084,apɨ,apɨ,a p ɨ,,,,
928,,Ku,084,o-si-pik,o-si-pik,o s i p i k,,,,
929,,Mu,084,o-í-pik,o-í-pik,o í p i k,,,,
930,,Mu,084,pík,pík,p í k,,,,
931,,Ju,084,ʧuʃi,ʧuʃi,ʧ u ʃ i,,,,
932,,Xi,084,tuʃi,tuʃi,t u ʃ i,,,,
933,,Mw,084,aɾe-wuk,aɾe-wuk,a ɾ e w u k,,,,
934,,Wa,084,epokwa,epokwa,e p o k w a,,,,
935,,Ma,084,ekaɾĩnã,ekaɾĩnã,e k a ɾ ĩ n ã,,,,
936,,Me,084,koeka,koeka,k o e k a,,,,
937,,Ka,084,aʔ-paɡat,aʔ-paɡat,a ʔ p a g a t,,,,
938,,Pu,084,bakißipa,bakißipa,b a k i β i p a,,,,
939,,Su,084,-paa,-paa,p aa,,,,
940,,Kt,084,ɲõnĩn,ɲõnĩn,ɲ õ n ĩ n,,,,
941,,Ak,070,õã,õã,õ ã,,,,
942,,Ar,070,-nõõ,-nõõ,n õõ,,,,
943,,Gv,070,-noò,-noò,n o ò,,,,
944,,Ku,070,(n)õm,nõm,n õ m,,,,
945,,Ma,070,ɲõã,ɲõã,ɲ õ ã,,,,
946,,Me,070,i-õa,i-õa,i õ a,,,,
947,,Mu,070,ə̃́m,ə̃́m,ə̃́ m,,,,
948,,Mw,070,at-um,at-um,a t u m,,,,
949,,Sa,070,-nõõ,-nõõ,n õõ,,,,
950,,Su,070,-jõõ,-jõõ,j õõ,,,,
951,,Tu,070,õã,õã,õ ã,,,,
952,,Wa,070,ɲõã,ɲõã,ɲ õ ã,,,,
953,,Zo,070,-noo,-noo,n oo,,,,
954,,Pg,070,a-meʔẽ,a-meʔẽ,a m e ʔ ẽ,,,,
955,,Ta,070,mãĩj,mãĩj,m ã ĩ j,,,,
956,,Uk,070,meʔẽ,meʔẽ,m e ʔ ẽ,,,,
957,,Aw,070,moto,moto,m o t o,,,,
958,,Pt,070,-mondo,-mondo,m o n d o,,,,
959,,Ju,070,kua,kua,k u a,,,,
960,,Pu,070,beka,beka,b e k a,,,,
961,,Xi,070,kua,kua,k u a,,,,
962,,Ka,070,-maʔãt,-maʔãt,m a ʔ ã t,,,,
963,,Kt,070,hit,hit,h i t,,,,
964,,Ar,005,jè,jè,j è,,,,
965,,Gv,005,jè,jè,j è,,,,
966,,Ka,005,jet je,jet je,j e t _ j e,,,,
967,,Su,005,je,je,j e,,,,
968,,Zo,005,ji,ji,j i,,,,
969,,Ta,005,epe,epe,e p e,,,,
970,,Uk,005,pemeʔẽ,pemeʔẽ,p e m e ʔ ẽ,,,,
971,,Ak,005,jẽɾom,jẽɾom,j ẽ ɾ o m,,,,
972,,Ma,005,mẽɾõ,mẽɾõ,m ẽ ɾ õ,,,,
973,,Ju,005,amɨ,amɨ,a m ɨ,,,,
974,,Xi,005,amɨ,amɨ,a m ɨ,,,,
975,,Pg,005,amova,amova,a m o v a,,,,
976,,Pt,005,ŋwi,ŋwi,ŋ w i,,,,
977,,Aw,005,jatã,jatã,j a t ã,,,,
978,,Mw,005,meiko,meiko,m e i k o,,,,
979,,Mu,005,i-bó,i-bó,i b ó,,,,
980,,Me,005,eke,eke,e k e,,,,
981,,Kt,005,kahɨt,kahɨt,k a h ɨ t,,,,
982,,Ak,027,pe,pe,p e,,,,
983,,Ar,027,ʦábé,ʦábé,ts á b é,,,,
984,,Aw,027,ʔapeput,ʔapeput,ʔ a p e p u t,,,,
985,,Gv,027,ʦábéè,ʦábéè,ts á b é è,,,,
986,,Ju,027,abé,abé,a b é,,,,
987,,Ka,027,aʔ-caʔpe,aʔ-caʔpe,a ʔ c a ʔ p e,,,,
988,,Ma,027,aʔpee,aʔpee,a ʔ p ee,,,,
989,,Me,027,s-ape,s-ape,s a p e,,,,
990,,Mw,027,aɾjaʔɨp ɨpe,aɾjaʔɨp ɨpe,a ɾ j a ʔ ɨ p _ ɨ p e,,,,
991,,Pt,027,ɨva,ɨva,ɨ v a,,,,
992,,Pu,027,tabe,tabe,t a b e,,,,
993,,Sa,027,sébé,sébé,s é b é,,,,
994,,Ta,027,ɨpe,ɨpe,ɨ p e,,,,
995,,Tu,027,ape,ape,a p e,,,,
996,,Wa,027,ape,ape,a p e,,,,
997,,Xi,027,-sa,-sa,s a,,,,
998,,Zo,027,sábéè,sábéè,s á b é è,,,,
999,,Ku,027,ja-kíe,ja-kíe,j a k í e,,,,
1000,,Mu,027,taí-ʃeé,taí-ʃeé,t a í ʃ e é,,,,
1001,,Pg,027,piɾe,piɾe,p i ɾ e,,,,
1002,,Su,027,séɾék,séɾék,s é ɾ é k,,,,
1003,,Kt,027,pɨkɨp,pɨkɨp,p ɨ k ɨ p,,,,
1004,,Ak,015,tin,tin,t i n,,,,
1005,,Ar,015,-ãcĩĩt,-ãcĩĩt,ã c ĩĩ t,,,,
1006,,Gv,015,-cíciít,-cíciít,c í c i í t,,,,
1007,,Ju,015,-ʃĩ́ʃĩ,-ʃĩ́ʃĩ,ʃ ĩ́ ʃ ĩ,,,,
1008,,Ka,015,ʔĩt-tem,ʔĩt-tem,ʔ ĩ t t e m,,,,
1009,,Kt,015,ʔĩnã,ʔĩnã,ʔ ĩ n ã,,,,
1010,,Me,015,sĩĩt,sĩĩt,s ĩĩ t,,,,
1011,,Pu,015,ʃinĩnĩ,ʃinĩnĩ,ʃ i n ĩ n ĩ,,,,
1012,,Sa,015,-ʃĩĩt,-ʃĩĩt,ʃ ĩĩ t,,,,
1013,,Su,015,-ʃĩĩn,-ʃĩĩn,ʃ ĩĩ n,,,,
1014,,Ta,015,ãhɨt,ãhɨt,ã h ɨ t,,,,
1015,,Tu,015,sin,sin,s i n,,,,
1016,,Wa,015,nĩn,nĩn,n ĩ n,,,,
1017,,Xi,015,ʃĩʃĩ,ʃĩʃĩ,ʃ ĩ ʃ ĩ,,,,
1018,,Zo,015,-ciʃĩĩt,-ciʃĩĩt,c i ʃ ĩĩ t,,,,
1019,,Ku,015,ĩpit,ĩpit,ĩ p i t,,,,
1020,,Mu,015,-pĩ́tma,-pĩ́tma,p ĩ́ t m a,,,,
1021,,Pg,015,miʃi,miʃi,m i ʃ i,,,,
1022,,Uk,015,t-aʔɨɾ mi,t-aʔɨɾ mi,t a ʔ ɨ ɾ _ m i,,,,
1023,,Pt,015,ʃuʔi,ʃuʔi,ʃ u ʔ i,,,,
1024,,Aw,015,maʦũʔjɨt,maʦũʔjɨt,m a ts ũ ʔ j ɨ t,,,,
1025,,Mw,015,kuɾiin,kuɾiin,k u ɾ ii n,,,,
1026,,Ma,015,ʔɨɾui.ii,ʔɨɾui.ii,ʔ ɨ ɾ u i � ii,,,,
1027,,Ak,082,otat,otat,o t a t,,,,
1028,,Ju,082,aʃí,aʃí,a ʃ í,,,,
1029,,Ka,082,cán nãʔ,cán nãʔ,c á n _ n ã ʔ,,,,
1030,,Kt,082,iso,iso,i s o,,,,
1031,,Ku,082,ɮáʃa,ɮáʃa,ɮ á ʃ a,,,,
1032,,Ma,082,ujtʃat,ujtʃat,u j tʃ a t,,,,
1033,,Me,082,otat pok,otat pok,o t a t _ p o k,,,,
1034,,Mu,082,daʃá,daʃá,d a ʃ á,,,,
1035,,Mw,082,aɾja,aɾja,a ɾ j a,,,,
1036,,Pg,082,t-ata,t-ata,t a t a,,,,
1037,,Pt,082,-ata,-ata,a t a,,,,
1038,,Ta,082,ãtã,ãtã,ã t ã,,,,
1039,,Uk,082,tata,tata,t a t a,,,,
1040,,Xi,082,aʃi,aʃi,a ʃ i,,,,
1041,,Ar,082,kã́j,kã́j,k ã́ j,,,,
1042,,Gv,082,pó-kã́ã̀j,pó-kã́ã̀j,p ó k ã́ ã̀ j,,,,
1043,,Sa,082,kã́ã̀j,kã́ã̀j,k ã́ ã̀ j,,,,
1044,,Su,082,mó-kã́ã̀j,mó-kã́ã̀j,m ó k ã́ ã̀ j,,,,
1045,,Zo,082,pó-kã́ã̀j,pó-kã́ã̀j,p ó k ã́ ã̀ j,,,,
1046,,Tu,082,kopkap,kopkap,k o p k a p,,,,
1047,,Wa,082,aɡopkap,aɡopkap,a g o p k a p,,,,
1048,,Aw,082,ʔapo,ʔapo,ʔ a p o,,,,
1049,,Pu,082,ßok,ßok,β o k,,,,
1050,,Pu,082,dabək,dabək,d a b ə k,,,,
1051,,Ar,065,-ßeɾe-tá,-ßeɾe-tá,β e ɾ e t á,,,,
1052,,Gv,065,-ßêɾe-tá,-ßêɾe-tá,β ê ɾ e t á,,,,
1053,,Sa,065,-ßééɾe,-ßééɾe,β éé ɾ e,,,,
1054,,Su,065,-ßééɾa,-ßééɾa,β éé ɾ a,,,,
1055,,Zo,065,ßeet-tá,ßeet-tá,β ee t t á,,,,
1056,,Ma,065,ßateɾa,ßateɾa,β a t e ɾ a,,,,
1057,,Mu,065,wəɾəɾə̃ŋ,wəɾəɾə̃ŋ,w ə ɾ ə ɾ ə̃ ŋ,,,,
1058,,Mw,065,uhe-wɨɾɨk,uhe-wɨɾɨk,u h e w ɨ ɾ ɨ k,,,,
1059,,Pg,065,a-ɡwata,a-ɡwata,a ɡ w a t a,,,,
1060,,Ta,065,ãtã,ãtã,ã t ã,,,,
1061,,Uk,065,wata,wata,w a t a,,,,
1062,,Me,065,ekɨetkia,ekɨetkia,e k ɨ e t k i a,,,,
1063,,Tu,065,sitkia,sitkia,s i t k i a,,,,
1064,,Ku,065,ʧãŋʧãŋ,ʧãŋʧãŋ,ʧ ã ŋ ʧ ã ŋ,,,,
1065,,Pu,065,ʃãpʃãm,ʃãpʃãm,ʃ ã p ʃ ã m,,,,
1066,,Pt,065,-pɨmondo,-pɨmondo,p ɨ m o n d o,,,,
1067,,Aw,065,eko,eko,e k o,,,,
1068,,Ma,065,oßitakwa,oßitakwa,o β i t a k w a,,,,
1069,,Xi,065,maseu,maseu,m a s e u,,,,
1070,,Ju,065,ipidepide-a,ipidepide-a,i p i d e p i d e a,,,,
1071,,Ka,065,kat,kat,k a t,,,,
1072,,Kt,065,taɾak,taɾak,t a ɾ a k,,,,
1073,,Ak,037,tap,tap,t a p,,,,
1074,,Ar,037,ʦép,ʦép,ts é p,,,,
1075,,Aw,037,ap,ap,a p,,,,
1076,,Gv,037,ʦép,ʦép,ts é p,,,,
1077,,Ju,037,-tabá,-tabá,t a b á,,,,
1078,,Ka,037,aʔ-naʔcap,aʔ-naʔcap,a ʔ n a ʔ c a p,,,,
1079,,Kt,037,sop,sop,s o p,,,,
1080,,Ku,037,tap ~ ɬap,tap ~ ɬap,t a p _ <???> _ ɬ a p,,,,
1081,,Ma,037,a-hap,a-hap,a h a p,,,,
1082,,Me,037,tap,tap,t a p,,,,
1083,,Mu,037,tap ~ dap,tap ~ dap,t a p _ <???> _ d a p,,,,
1084,,Pg,037,t-aɡwe,t-aɡwe,t a ɡ w e,,,,
1085,,Pt,037,-(ʔ)av,-ʔav,ʔ a v,,,,
1086,,Pu,037,tap,tap,t a p,,,,
1087,,Sa,037,sép,sép,s é p,,,,
1088,,Ta,037,h-am,h-am,h a m,,,,
1089,,Tu,037,apapʔa-hap,apapʔa-hap,a p a p ʔ a h a p,,,,
1090,,Uk,037,h-a,h-a,h a,,,,
1091,,Wa,037,ojã-ndap,ojã-ndap,o j ã n d a p,,,,
1092,,Xi,037,-taba,-taba,t a b a,,,,
1093,,Zo,037,sép,sép,s é p,,,,
1094,,Ma,037,aʔtɨɨm,aʔtɨɨm,a ʔ t ɨɨ m,,,,
1095,,Su,037,-sin,-sin,s i n,,,,
1096,,Su,037,-sĩ́ĩ́n,-sĩ́ĩ́n,s ĩ́ĩ́ n,,,,
1097,,Ar,072,ɡát,ɡát,g á t,,,,
1098,,Aw,072,kwat,kwat,k w a t,,,,
1099,,Gv,072,ɡát,ɡát,g á t,,,,
1100,,Ju,072,kuadí,kuadí,k u a d í,,,,
1101,,Kt,072,ŋokɨp [ɡokɨp],ŋokɨp,ŋ o k ɨ p,,,,
1102,,Ku,072,kaʤi,kaʤi,k a dʒ i,,,,
1103,,Ma,072,ŋɡeat,ŋɡeat,ŋ g e a t,,,,
1104,,Mu,072,káʃi,káʃi,k á ʃ i,,,,
1105,,Mw,072,aat,aat,aa t,,,,
1106,,Pg,072,kuaɾa hɨ,kuaɾa hɨ,k u a ɾ a _ h ɨ,,,,
1107,,Pt,072,kwaɾa(hɨ),kwaɾahɨ,k w a ɾ a h ɨ,,,,
1108,,Sa,072,ɡát,ɡát,g á t,,,,
1109,,Su,072,ŋát,ŋát,ŋ á t,,,,
1110,,Uk,072,(k)waɾahɨ,kwaɾahɨ,k w a ɾ a h ɨ,,,,
1111,,Xi,072,kuazadɨ,kuazadɨ,k u a z a d ɨ,,,,
1112,,Zo,072,ɡát,ɡát,g á t,,,,
1113,,Ak,072,kiakop,kiakop,k i a k o p,,,,
1114,,Me,072,ki-akop,ki-akop,k i a k o p,,,,
1115,,Tu,072,kiahkop,kiahkop,k i a h k o p,,,,
1116,,Wa,072,ŋɡiakop,ŋɡiakop,ŋ g i a k o p,,,,
1117,,Ta,072,an,an,a n,,,,
1118,,Ka,072,caʔwap,caʔwap,c a ʔ w a p,,,,
1119,,Pu,072,toka,toka,t o k a,,,,
1120,,Ak,001,õn,õn,õ n,,,,
1121,,Ar,001,õõt,õõt,õõ t,,,,
1122,,Gv,001,õõt,õõt,õõ t,,,,
1123,,Ju,001,una,una,u n a,,,,
1124,,Ka,001,ʔõn,ʔõn,ʔ õ n,,,,
1125,,Kt,001,ĩn,ĩn,ĩ n,,,,
1126,,Ku,001,õn,õn,õ n,,,,
1127,,Ma,001,õn,õn,õ n,,,,
1128,,Me,001,õn,õn,õ n,,,,
1129,,Mu,001,ṍn,ṍn,õ n,,,,
1130,,Pu,001,ʔõn,ʔõn,ʔ õ n,,,,
1131,,Sa,001,õõt,õõt,õõ t,,,,
1132,,Su,001,ó.ẽn,ó.ẽn,ó � ẽ n,,,,
1133,,Tu,001,õn,õn,õ n,,,,
1134,,Wa,001,õn,õn,õ n,,,,
1135,,Xi,001,una,una,u n a,,,,
1136,,Zo,001,õõt,õõt,õõ t,,,,
1137,,Aw,001,ito,ito,i t o,,,,
1138,,Mw,001,ujto,ujto,u j t o,,,,
1139,,Pg,001,ʃe,ʃe,ʃ e,,,,
1140,,Pt,001,ji(hi),jihi,j i h i,,,,
1141,,Ta,001,ie,ie,i e,,,,
1142,,Uk,001,ihẽ,ihẽ,i h ẽ,,,,
1143,,Ak,047,iamina,iamina,i a m i n a,,,,
1144,,Aw,047,pɨʔã,pɨʔã,p ɨ ʔ ã,,,,
1145,,Ma,047,kapĩã,kapĩã,k a p ĩ ã,,,,
1146,,Mw,047,ai-pɨ akaŋa,ai-pɨ akaŋa,a i p ɨ _ a k a ŋ a,,,,
1147,,Pg,047,t-enɨpɨʔã,t-enɨpɨʔã,t e n ɨ p ɨ ʔ ã,,,,
1148,,Pt,047,-enɨpɨʔã,-enɨpɨʔã,e n ɨ p ɨ ʔ ã,,,,
1149,,Tu,047,mianʔa,mianʔa,m i a n ʔ a,,,,
1150,,Wa,047,okɨmĩã,okɨmĩã,o k ɨ m ĩ ã,,,,
1151,,Ar,047,-ʦabi-káp,-ʦabi-káp,ts a b i k á p,,,,
1152,,Gv,047,-ʦabi-káàp,-ʦabi-káàp,ts a b i k á à p,,,,
1153,,Sa,047,-sábikáp,-sábikáp,s á b i k á p,,,,
1154,,Su,047,sábiikába,sábiikába,s á b ii k á b a,,,,
1155,,Zo,047,-sabi-káàp,-sabi-káàp,s a b i k á à p,,,,
1156,,Ta,047,kanawã,kanawã,k a n a w ã,,,,
1157,,Uk,047,kanawaj,kanawaj,k a n a w a j,,,,
1158,,Ku,047,õŋʔá,õŋʔá,õ ŋ ʔ á,,,,
1159,,Mu,047,ə̃ŋʔá,ə̃ŋʔá,ə̃ ŋ ʔ á,,,,
1160,,Ju,047,-maʔã́,-maʔã́,m a ʔ ã́,,,,
1161,,Xi,047,-mã,-mã,m ã,,,,
1162,,Me,047,o-eseɡap,o-eseɡap,o e s e g a p,,,,
1163,,Ka,047,i-jɨn káʔ,i-jɨn káʔ,i j ɨ n _ k á ʔ,,,,
1164,,Kt,047,saʔep otɨɨt,saʔep otɨɨt,s a ʔ e p _ o t ɨɨ t,,,,
1165,,Ak,085,ape,ape,a p e,,,,
1166,,Ar,085,be,be,b e,,,,
1167,,Aw,085,pe,pe,p e,,,,
1168,,Gv,085,be ~ pe,be ~ pe,b e _ <???> _ p e,,,,
1169,,Ju,085,bahá,bahá,b a h á,,,,
1170,,Ka,085,naʔpit peʔ,naʔpit peʔ,n a ʔ p i t _ p e ʔ,,,,
1171,,Kt,085,pa,pa,p a,,,,
1172,,Ku,085,eʔ,eʔ,e ʔ,,,,
1173,,Ma,085,peeʔ,peeʔ,p ee ʔ,,,,
1174,,Me,085,peʔ,peʔ,p e ʔ,,,,
1175,,Me,085,aapeʔ,aapeʔ,aa p e ʔ,,,,
1176,,Mu,085,é,é,é,,,,
1177,,Mw,085,muʔap,muʔap,m u ʔ a p,,,,
1178,,Pg,085,t-ape,t-ape,t a p e,,,,
1179,,Pt,085,-pehe,-pehe,p e h e,,,,
1180,,Pu,085,be,be,b e,,,,
1181,,Sa,085,be,be,b e,,,,
1182,,Su,085,me,me,m e,,,,
1183,,Ta,085,ãpe,ãpe,ã p e,,,,
1184,,Tu,085,ape,ape,a p e,,,,
1185,,Uk,085,pe,pe,p e,,,,
1186,,Wa,085,apee,apee,a p ee,,,,
1187,,Xi,085,bapa,bapa,b a p a,,,,
1188,,Zo,085,be ~ pe,be ~ pe,b e _ <???> _ p e,,,,
1189,,Ar,091,-peép,-peép,p e é p,,,,
1190,,Gv,091,-pêèp,-pêèp,p ê è p,,,,
1191,,Sa,091,pép,pép,p é p,,,,
1192,,Su,091,-péép,-péép,p éé p,,,,
1193,,Su,091,i-pep,i-pep,i p e p,,,,
1194,,Zo,091,-peep,-peep,p ee p,,,,
1195,,Kt,091,ẽẽm,ẽẽm,ẽẽ m,,,,
1196,,Mw,091,huun,huun,h uu n,,,,
1197,,Pg,091,hũ,hũ,h ũ,,,,
1198,,Pt,091,-un,-un,u n,,,,
1199,,Ta,091,on,on,o n,,,,
1200,,Uk,091,-ũ(n),-ũn,ũ n,,,,
1201,,Ak,091,pɨk,pɨk,p ɨ k,,,,
1202,,Ka,091,pĩk-tem,pĩk-tem,p ĩ k t e m,,,,
1203,,Me,091,i-pɨɨk,i-pɨɨk,i p ɨɨ k,,,,
1204,,Tu,091,sikʔe,sikʔe,s i k ʔ e,,,,
1205,,Wa,091,tiktik,tiktik,t i k t i k,,,,
1206,,Ju,091,itɨnikĩ,itɨnikĩ,i t ɨ n i k ĩ,,,,
1207,,Xi,091,tinikĩ,tinikĩ,t i n i k ĩ,,,,
1208,,Aw,091,kɨlaw,kɨlaw,k ɨ l a w,,,,
1209,,Mu,091,ók,ók,ó k,,,,
1210,,Ku,091,ɾãm,ɾãm,ɾ ã m,,,,
1211,,Ma,091,kõm,kõm,k õ m,,,,
1212,,Pu,091,mĩkã,mĩkã,m ĩ k ã,,,,
1213,,Ak,100,et,et,e t,,,,
1214,,Ar,100,ʣét ~ ʦét,ʣét ~ ʦét,ʣ é t _ <???> _ ts é t,,,,
1215,,Aw,100,et,et,e t,,,,
1216,,Gv,100,ʣét ~ ʦét,ʣét ~ ʦét,ʣ é t _ <???> _ ts é t,,,,
1217,,Ju,100,zá,zá,z á,,,,
1218,,Ka,100,cet,cet,c e t,,,,
1219,,Kt,100,sat,sat,s a t,,,,
1220,,Ku,100,bítet,bítet,b í t e t,,,,
1221,,Ma,100,et,et,e t,,,,
1222,,Me,100,et,et,e t,,,,
1223,,Mu,100,pətét ~ bətét,pətét ~ bətét,p ə t é t _ <???> _ b ə t é t,,,,
1224,,Mw,100,het ~ set,het ~ set,h e t _ <???> _ s e t,,,,
1225,,Pg,100,t-eɾa,t-eɾa,t e ɾ a,,,,
1226,,Pt,100,-eɾ,-eɾ,e ɾ,,,,
1227,,Pu,100,tet,tet,t e t,,,,
1228,,Sa,100,zét,zét,z é t,,,,
1229,,Su,100,ɮét ~ ɬét,ɮét ~ ɬét,ɮ é t _ <???> _ ɬ é t,,,,
1230,,Ta,100,et,et,e t,,,,
1231,,Tu,100,et,et,e t,,,,
1232,,Uk,100,h-eɾ,h-eɾ,h e ɾ,,,,
1233,,Wa,100,ndet,ndet,n d e t,,,,
1234,,Xi,100,ja,ja,j a,,,,
1235,,Zo,100,zét ~ sét,zét ~ sét,z é t _ <???> _ s é t,,,,
1236,,Ak,060,eɾa,eɾa,e ɾ a,,,,
1237,,Ar,060,-keɾe,-keɾe,k e ɾ e,,,,
1238,,Aw,060,tet,tet,t e t,,,,
1239,,Gv,060,-keɾe,-keɾe,k e ɾ e,,,,
1240,,Ka,060,ken,ken,k e n,,,,
1241,,Kt,060,kat,kat,k a t,,,,
1242,,Ku,060,ʃet,ʃet,ʃ e t,,,,
1243,,Ma,060,eɾa,eɾa,e ɾ a,,,,
1244,,Me,060,se-eɾa,se-eɾa,s e e ɾ a,,,,
1245,,Mu,060,ʃét,ʃét,ʃ é t,,,,
1246,,Mw,060,aɾe-ket,aɾe-ket,a ɾ e k e t,,,,
1247,,Pg,060,a-ke,a-ke,a k e,,,,
1248,,Pt,060,-kiɾ,-kiɾ,k i ɾ,,,,
1249,,Pu,060,keta,keta,k e t a,,,,
1250,,Sa,060,-keet,-keet,k ee t,,,,
1251,,Su,060,-keeɾ,-keeɾ,k ee ɾ,,,,
1252,,Ta,060,ket,ket,k e t,,,,
1253,,Tu,060,ʔeɾa,ʔeɾa,ʔ e ɾ a,,,,
1254,,Uk,060,a-keɾ,a-keɾ,a k e ɾ,,,,
1255,,Wa,060,eɾa,eɾa,e ɾ a,,,,
1256,,Zo,060,-keɾe,-keɾe,k e ɾ e,,,,
1257,,Ju,060,iju,iju,i j u,,,,
1258,,Xi,060,siu,siu,s i u,,,,
1259,,Ar,086,doo,doo,d o o,,,,
1260,,Ar,086,do,do,d o,,,,
1261,,Gv,086,do ~ to,do ~ to,d o _ <???> _ t o,,,,
1262,,Ju,086,ʧúá,ʧúá,ʧ ú á,,,,
1263,,Ka,086,no pɨʔ,no pɨʔ,n o _ p ɨ ʔ,,,,
1264,,Kt,086,neso [deso],neso,n e s o,,,,
1265,,Ku,086,ʧo-ʔa,ʧo-ʔa,ʧ o ʔ a,,,,
1266,,Ku,086,to-ʔa,to-ʔa,t o ʔ a,,,,
1267,,Ma,086,ndo.aʔ,ndo.aʔ,n d o � a ʔ,,,,
1268,,Me,086,soo,soo,s oo,,,,
1269,,Mu,086,ʧo-ʔá,ʧo-ʔá,ʧ o ʔ á,,,,
1270,,Su,086,no,no,n o,,,,
1271,,Tu,086,totet,totet,t o t e t,,,,
1272,,Wa,086,ndoo,ndoo,n d o o,,,,
1273,,Xi,086,tua,tua,t u a,,,,
1274,,Zo,086,do ~ to,do ~ to,d o _ <???> _ t o,,,,
1275,,Aw,086,ɨwɨʔam,ɨwɨʔam,ɨ w ɨ ʔ a m,,,,
1276,,Pg,086,ɨvɨtɨ,ɨvɨtɨ,ɨ v ɨ t ɨ,,,,
1277,,Pt,086,ɨvɨtɨɾuhu,ɨvɨtɨɾuhu,ɨ v ɨ t ɨ ɾ u h u,,,,
1278,,Ta,086,ɨwɨtɨt,ɨwɨtɨt,ɨ w ɨ t ɨ t,,,,
1279,,Mw,086,ɨitɨʔok,ɨitɨʔok,ɨ i t ɨ ʔ o k,,,,
1280,,Ak,041,ampita,ampita,a m p i t a,,,,
1281,,Ar,041,-amĩĩ,-amĩĩ,a m ĩĩ,,,,
1282,,Aw,041,ʔapĩj,ʔapĩj,ʔ a p ĩ j,,,,
1283,,Gv,041,-ámîì,-ámîì,á m î ì,,,,
1284,,Kt,041,ʤopiʔop,ʤopiʔop,dʒ o p i ʔ o p,,,,
1285,,Ku,041,tõmiʔ,tõmiʔ,t õ m i ʔ,,,,
1286,,Ku,041,nõmiʔ,nõmiʔ,n õ m i ʔ,,,,
1287,,Ku,041,ɮõmi,ɮõmi,ɮ õ m i,,,,
1288,,Ku,041,tãjmiʔ,tãjmiʔ,t ã j m i ʔ,,,,
1289,,Ma,041,ɲãpiʔ,ɲãpiʔ,ɲ ã p i ʔ,,,,
1290,,Me,041,o-ãpisa,o-ãpisa,o ã p i s a,,,,
1291,,Mu,041,ta̤bə́ ~ na̤bə́,ta̤bə́ ~ na̤bə́,t a̤ b é _ <???> _ n a̤ b ə́,,,,
1292,,Mw,041,ai-ʔãpɨ,ai-ʔãpɨ,a i ʔ ã p ɨ,,,,
1293,,Pt,041,-apɨɲ,-apɨɲ,a p ɨ ɲ,,,,
1294,,Sa,041,-aßĩʔã,-aßĩʔã,a β ĩ ʔ ã,,,,
1295,,Su,041,- ámĩãã,- ámĩãã,_ á m ĩ ãã,,,,
1296,,Tu,041,amsi,amsi,a m s i,,,,
1297,,Uk,041,i-ãpũi,i-ãpũi,i ã p ũ i,,,,
1298,,Wa,041,ãpia,ãpia,ã p i a,,,,
1299,,Xi,041,jamĩkua,jamĩkua,j a m ĩ k u a,,,,
1300,,Zo,041,-ámii,-ámii,á m ii,,,,
1301,,Pg,041,tĩ,tĩ,t ĩ,,,,
1302,,Ta,041,tjĩ,tjĩ,t j ĩ,,,,
1303,,Ju,041,-iʔã́,-iʔã́,i ʔ ã́,,,,
1304,,Ka,041,i-naʔcə̤k toʔ,i-naʔcə̤k toʔ,i n a ʔ c ə̤ k _ t o ʔ,,,,
1305,,Pu,041,ɲũʔã,ɲũʔã,ɲ ũ ʔ ã,,,,
1306,,Ar,089,-éɾée,-éɾée,é ɾ é e,,,,
1307,,Gv,089,-kéɾéʔáàp,-kéɾéʔáàp,k é ɾ é ʔ á à p,,,,
1308,,Zo,089,-kéɾéè,-kéɾéè,k é ɾ é è,,,,
1309,,Ku,089,peɾek,peɾek,p e ɾ e k,,,,
1310,,Mu,089,-pek,-pek,p e k,,,,
1311,,Ak,089,ʧaɾu,ʧaɾu,ʧ a ɾ u,,,,
1312,,Me,089,i-saɾo,i-saɾo,i s a ɾ o,,,,
1313,,Ju,089,jũpĩ́pi,jũpĩ́pi,j ũ p ĩ́ p i,,,,
1314,,Ka,089,ciõp-tem,ciõp-tem,c i õ p t e m,,,,
1315,,Pg,089,(he)saɨju,hesaɨju,h e s a ɨ j u,,,,
1316,,Uk,089,i-tawa,i-tawa,i t a w a,,,,
1317,,Pt,089,jukɨɾɨ,jukɨɾɨ,j u k ɨ ɾ ɨ,,,,
1318,,Aw,089,tup,tup,t u p,,,,
1319,,Mw,089,i-kaʔaɨ,i-kaʔaɨ,i k a ʔ a ɨ,,,,
1320,,Wa,089,taɾoot,taɾoot,t a ɾ oo t,,,,
1321,,Ma,089,paɾaj,paɾaj,p a ɾ a j,,,,
1322,,Tu,089,hapʔe,hapʔe,h a p ʔ e,,,,
1323,,Xi,089,takũʃĩ,takũʃĩ,t a k ũ ʃ ĩ,,,,
1324,,Pu,089,ajaßak,ajaßak,a j a β a k,,,,
1325,,Sa,089,ʃíʔííp,ʃíʔííp,ʃ í ʔ íí p,,,,
1326,,Su,089,Mawéaɾóbo,Mawéaɾóbo,m a w é a ɾ ó b o,,,,
1327,,Kt,089,pokoɾɨt,pokoɾɨt,p o k o ɾ ɨ t,,,,
1328,,Ar,077,caʔa,caʔa,c a ʔ a,,,,
1329,,Aw,077,kɨta,kɨta,k ɨ t a,,,,
1330,,Gv,077,icía,icía,i c í a,,,,
1331,,Ka,077,ijá ʔaʔ,ijá ʔaʔ,i j á _ ʔ a ʔ,,,,
1332,,Ku,077,wíta-ʔa,wíta-ʔa,w í t a ʔ a,,,,
1333,,Mu,077,witá-ʔa,witá-ʔa,w i t á ʔ a,,,,
1334,,Pg,077,ita,ita,i t a,,,,
1335,,Pt,077,itakɨ,itakɨ,i t a k ɨ,,,,
1336,,Sa,077,ʃáʔa,ʃáʔa,ʃ á ʔ a,,,,
1337,,Sa,077,isáʔa,isáʔa,i s á ʔ a,,,,
1338,,Su,077,iʃáá.a,iʃáá.a,i ʃ áá � a,,,,
1339,,Ta,077,itã,itã,i t ã,,,,
1340,,Uk,077,ita,ita,i t a,,,,
1341,,Zo,077,icáa,icáa,i c á a,,,,
1342,,Ak,077,waʔi,waʔi,w a ʔ i,,,,
1343,,Ma,077,ßa.i,ßa.i,β a � i,,,,
1344,,Me,077,waʔi,waʔi,w a ʔ i,,,,
1345,,Tu,077,kwai,kwai,k w a i,,,,
1346,,Wa,077,ŋɡwai,ŋɡwai,ŋ ɡ w a i,,,,
1347,,Ju,077,kuaha,kuaha,k u a h a,,,,
1348,,Xi,077,kuapa,kuapa,k u a p a,,,,
1349,,Mw,077,nu,nu,n u,,,,
1350,,Pu,077,mbuɾuʔa,mbuɾuʔa,m b u ɾ u ʔ a,,,,
1351,,Kt,077,ejepo,ejepo,e j e p o,,,,
1352,,Ar,017,ßooj,ßooj,β oo j,,,,
1353,,Gv,017,ôòj,ôòj,ô ò j,,,,
1354,,Sa,017,ßíj,ßíj,β í j,,,,
1355,,Su,017,ooj,ooj,oo j,,,,
1356,,Su,017,óój,óój,óó j,,,,
1357,,Zo,017,ßɨj,ßɨj,β ɨ j,,,,
1358,,Ak,017,naku,naku,n a k u,,,,
1359,,Ma,017,nãkoßot,nãkoßot,n ã k o β o t,,,,
1360,,Me,017,nakop,nakop,n a k o p,,,,
1361,,Pg,017,kuimbaʔe,kuimbaʔe,k u i m b a ʔ e,,,,
1362,,Pt,017,akwaimbeʔe,akwaimbeʔe,a k w a i m b e ʔ e,,,,
1363,,Ju,017,senáhí,senáhí,s e n á h í,,,,
1364,,Xi,017,senapɨ,senapɨ,s e n a p ɨ,,,,
1365,,Uk,017,sawaʔe,sawaʔe,s a w a ʔ e,,,,
1366,,Aw,017,aɨte,aɨte,a ɨ t e,,,,
1367,,Ma,017,ihajnia,ihajnia,i h a j n i a,,,,
1368,,Mu,017,aŋókátkát,aŋókátkát,a ŋ ó k á t k á t,,,,
1369,,Ku,017,teʔin,teʔin,t e ʔ i n,,,,
1370,,Wa,017,ŋɡwajtkɨp,ŋɡwajtkɨp,ŋ ɡ w a j t k ɨ p,,,,
1371,,Tu,017,okio,okio,o k i o,,,,
1372,,Ka,017,maʔwɨt,maʔwɨt,m a ʔ w ɨ t,,,,
1373,,Pu,017,abɨtʔaj,abɨtʔaj,a b ɨ t ʔ a j,,,,
1374,,Kt,017,ota,ota,o t a,,,,
1375,,Ak,023,kɨp,kɨp,k ɨ p,,,,
1376,,Ar,023,ííp,ííp,íí p,,,,
1377,,Aw,023,ʔɨp,ʔɨp,ʔ ɨ p,,,,
1378,,Gv,023,îìp,îìp,î ì p,,,,
1379,,Ka,023,maʔɨp,maʔɨp,m a ʔ ɨ p,,,,
1380,,Kt,023,ʔep,ʔep,ʔ e p,,,,
1381,,Ku,023,ʔip,ʔip,ʔ i p,,,,
1382,,Ma,023,kɨp,kɨp,k ɨ p,,,,
1383,,Me,023,kɨpkɨba,kɨpkɨba,k ɨ p k ɨ b a,,,,
1384,,Mu,023,ʔip,ʔip,ʔ i p,,,,
1385,,Pg,023,ɨßɨɾa,ɨßɨɾa,ɨ β ɨ ɾ a,,,,
1386,,Pt,023,ʔɨv,ʔɨv,ʔ ɨ v,,,,
1387,,Pt,023,ɨva,ɨva,ɨ v a,,,,
1388,,Pu,023,waʔɨp,waʔɨp,w a ʔ ɨ p,,,,
1389,,Sa,023,iip,iip,ii p,,,,
1390,,Su,023,ííp,ííp,íí p,,,,
1391,,Ta,023,hɨwɨɾã,hɨwɨɾã,h ɨ w ɨ ɾ ã,,,,
1392,,Tu,023,kɨp,kɨp,k ɨ p,,,,
1393,,Uk,023,ɨʔɨ,ɨʔɨ,ɨ ʔ ɨ,,,,
1394,,Wa,023,kɨp,kɨp,k ɨ p,,,,
1395,,Xi,023,ipa,ipa,i p a,,,,
1396,,Zo,023,iip,iip,ii p,,,,
1397,,Ju,023,ãhúá,ãhúá,ã h ú á,,,,
1398,,Ak,093,akop,akop,a k o p,,,,
1399,,Ar,093,-adóóp,-adóóp,a d óó p,,,,
1400,,Aw,093,akup,akup,a k u p,,,,
1401,,Gv,093,-adóò-p,-adóò-p,a d ó ò p,,,,
1402,,Ju,093,akúhú,akúhú,a k ú h ú,,,,
1403,,Ka,093,jakõp-tem,jakõp-tem,j a k õ p t e m,,,,
1404,,Kt,093,okɨp,okɨp,o k ɨ p,,,,
1405,,Ku,093,tákip,tákip,t á k i p,,,,
1406,,Me,093,-akop,-akop,a k o p,,,,
1407,,Mu,093,taʃíp ~ daʃíp,taʃíp ~ daʃíp,t a ʃ í p _ <???> _ d a ʃ í p,,,,
1408,,Mw,093,h-akup,h-akup,h a k u p,,,,
1409,,Pg,093,h-aku,h-aku,h a k u,,,,
1410,,Pt,093,-akuv,-akuv,a k u v,,,,
1411,,Sa,093,-ado,-ado,a d o,,,,
1412,,Sa,093,-adóóp,-adóóp,a d óó p,,,,
1413,,Su,093,-adóóp,-adóóp,a d óó p,,,,
1414,,Ta,093,ãkop,ãkop,ã k o p,,,,
1415,,Tu,093,akop,akop,a k o p,,,,
1416,,Uk,093,h-aku,h-aku,h a k u,,,,
1417,,Wa,093,akop,akop,a k o p,,,,
1418,,Xi,093,kuhu,kuhu,k u h u,,,,
1419,,Ma,093,kãj,kãj,k ã j,,,,
1420,,Pu,093,dəßa,dəßa,d ə β a,,,,
1421,,Aw,030,uwɨk,uwɨk,u w ɨ k,,,,
1422,,Ku,030,toj ~ ɮoj,toj ~ ɮoj,t o j _ <???> _ ɮ o j,,,,
1423,,Mu,030,toj ~ doj,toj ~ doj,t o j _ <???> _ d o j,,,,
1424,,Mw,030,huu ~ suu,huu ~ suu,h uu _ <???> _ s uu,,,,
1425,,Pg,030,t-uɡwɨ,t-uɡwɨ,t u ɡ w ɨ,,,,
1426,,Pt,030,-ɡwɨ,-ɡwɨ,ɡ w ɨ,,,,
1427,,Ta,030,owɨ,owɨ,o w ɨ,,,,
1428,,Uk,030,h-uwɨ,h-uwɨ,h u w ɨ,,,,
1429,,Ak,030,eʔɨ,eʔɨ,e ʔ ɨ,,,,
1430,,Ak,030,t-eʔu,t-eʔu,t e ʔ u,,,,
1431,,Ma,030,ʧeɨ,ʧeɨ,ʧ e ɨ,,,,
1432,,Me,030,a.ɨ,a.ɨ,a � ɨ,,,,
1433,,Tu,030,eɨ,eɨ,e ɨ,,,,
1434,,Wa,030,ɲʤaɨ,ɲʤaɨ,ɲ dʒ a ɨ,,,,
1435,,Ar,030,-ciit,-ciit,c ii t,,,,
1436,,Gv,030,-ciìt,-ciìt,c i ì t,,,,
1437,,Sa,030,-ʃiit,-ʃiit,ʃ ii t,,,,
1438,,Su,030,-ʃiiɾ,-ʃiiɾ,ʃ ii ɾ,,,,
1439,,Zo,030,-ciit,-ciit,c ii t,,,,
1440,,Ju,030,apeta,apeta,a p e t a,,,,
1441,,Xi,030,apeta,apeta,a p e t a,,,,
1442,,Ka,030,i-ju,i-ju,i j u,,,,
1443,,Kt,030,ɡe,ɡe,g e,,,,
1444,,Ar,053,-ʦaa,-ʦaa,ts aa,,,,
1445,,Gv,053,-ʦaá,-ʦaá,ts a á,,,,
1446,,Ju,053,-bɨʔá,-bɨʔá,b ɨ ʔ á,,,,
1447,,Ka,053,i-pía ʔaʔ,i-pía ʔaʔ,i p í a _ ʔ a ʔ,,,,
1448,,Ku,053,bia̤,bia̤,b i a̤,,,,
1449,,Ma,053,pi.aʔ,pi.aʔ,p i � a ʔ,,,,
1450,,Me,053,o-pisa,o-pisa,o p i s a,,,,
1451,,Mu,053,j-opsa̤,j-opsa̤,j o p s a̤,,,,
1452,,Mw,053,i-pɨʔa,i-pɨʔa,i p ɨ ʔ a,,,,
1453,,Pg,053,pɨʔa,pɨʔa,p ɨ ʔ a,,,,
1454,,Pt,053,-pɨʔa,-pɨʔa,p ɨ ʔ a,,,,
1455,,Pu,053,bi.a,bi.a,b i � a,,,,
1456,,Pu,053,mbi.a,mbi.a,m b i � a,,,,
1457,,Sa,053,-sáʔa,-sáʔa,s á ʔ a,,,,
1458,,Su,053,-saa,-saa,s aa,,,,
1459,,Ta,053,mɨhã,mɨhã,m ɨ h ã,,,,
1460,,Tu,053,siʔa,siʔa,s i ʔ a,,,,
1461,,Uk,053,i-pɨʔa,i-pɨʔa,i p ɨ ʔ a,,,,
1462,,Wa,053,o-pia,o-pia,o p i a,,,,
1463,,Xi,053,-bɨa,-bɨa,b ɨ a,,,,
1464,,Zo,053,-saa,-saa,s aa,,,,
1465,,Aw,053,peɾe,peɾe,p e ɾ e,,,,
1466,,Kt,053,kɨɾɨ,kɨɾɨ,k ɨ ɾ ɨ,,,,
1467,,Ak,031,akã,akã,a k ã,,,,
1468,,Ar,031,kã́ã́lĩĩ,kã́ã́lĩĩ,k ã́ã́ l ĩĩ,,,,
1469,,Ar,031,kã́li,kã́li,k ã́ l i,,,,
1470,,Aw,031,kaŋ,kaŋ,k a ŋ,,,,
1471,,Gv,031,kã́lĩ,kã́lĩ,k ã́ l ĩ,,,,
1472,,Ka,031,i-ciɡã,i-ciɡã,i c i g ã,,,,
1473,,Me,031,o-aako,o-aako,o aa k o,,,,
1474,,Mw,031,i-kaŋ,i-kaŋ,i k a ŋ,,,,
1475,,Pg,031,kaŋwe,kaŋwe,k a ŋ w e,,,,
1476,,Pt,031,-kaŋ,-kaŋ,k a ŋ,,,,
1477,,Sa,031,kã́ã́l,kã́ã́l,k ã́ã́ l,,,,
1478,,Su,031,-kã́ã́ɾ,-kã́ã́ɾ,k ã́ã́ ɾ,,,,
1479,,Ta,031,kɨŋ,kɨŋ,k ɨ ŋ,,,,
1480,,Tu,031,akanʔa,akanʔa,a k a n ʔ a,,,,
1481,,Uk,031,kaŋweɾ,kaŋweɾ,k a ŋ w e ɾ,,,,
1482,,Wa,031,akãɾã,akãɾã,a k ã ɾ ã,,,,
1483,,Zo,031,kã́lĩ,kã́lĩ,k ã́ l ĩ,,,,
1484,,Ku,031,tao ~ ɮao,tao ~ ɮao,t a o _ <???> _ ɮ a o,,,,
1485,,Ma,031,tʃeßaoo,tʃeßaoo,tʃ e β a oo,,,,
1486,,Mu,031,taó ~ daó,taó ~ daó,t a ó _ <???> _ d a ó,,,,
1487,,Ju,031,-pakɨ,-pakɨ,p a k ɨ,,,,
1488,,Xi,031,-pakɨ,-pakɨ,p a k ɨ,,,,
1489,,Pu,031,muɾũp,muɾũp,m u ɾ ũ p,,,,
1490,,Kt,031,ʔep,ʔep,ʔ e p,,,,
1491,,Ak,055,ka,ka,k a,,,,
1492,,Aw,055,ʔu,ʔu,ʔ u,,,,
1493,,Ju,055,iʃú,iʃú,i ʃ ú,,,,
1494,,Ka,055,ʔot,ʔot,ʔ o t,,,,
1495,,Ku,055,do,do,d o,,,,
1496,,Ma,055,ka,ka,k a,,,,
1497,,Me,055,kaa,kaa,k aa,,,,
1498,,Mu,055,ʔo,ʔo,ʔ o,,,,
1499,,Mu,055,kõn,kõn,k õ n,,,,
1500,,Mw,055,at-uʔu,at-uʔu,a t u ʔ u,,,,
1501,,Pg,055,a-ʔu,a-ʔu,a ʔ u,,,,
1502,,Pt,055,-ʔu,-ʔu,ʔ u,,,,
1503,,Pu,055,ʔo,ʔo,ʔ o,,,,
1504,,Ta,055,ho,ho,h o,,,,
1505,,Tu,055,ka,ka,k a,,,,
1506,,Uk,055,u-ʔu,u-ʔu,u ʔ u,,,,
1507,,Wa,055,ka,ka,k a,,,,
1508,,Xi,055,ʃu,ʃu,ʃ u,,,,
1509,,Ar,055,ßa,ßa,β a,,,,
1510,,Gv,055,-ßa,-ßa,β a,,,,
1511,,Sa,055,-ßa,-ßa,β a,,,,
1512,,Su,055,-wa,-wa,w a,,,,
1513,,Zo,055,-ßa,-ßa,β a,,,,
1514,,Kt,055,pɨtʔɨ,pɨtʔɨ,p ɨ t ʔ ɨ,,,,
1515,,Ar,019,bolíp,bolíp,b o l í p,,,,
1516,,Gv,019,bolíp,bolíp,b o l í p,,,,
1517,,Ka,019,ip,ip,i p,,,,
1518,,Kt,019,ʔip,ʔip,ʔ i p,,,,
1519,,Ku,019,potip,potip,p o t i p,,,,
1520,,Ma,019,potkap,potkap,p o t k a p,,,,
1521,,Pu,019,ʔɨpʔaj,ʔɨpʔaj,ʔ ɨ p ʔ a j,,,,
1522,,Sa,019,bolíp,bolíp,b o l í p,,,,
1523,,Su,019,moɾíp,moɾíp,m o ɾ í p,,,,
1524,,Su,019,moɾíw-aa,moɾíw-aa,m o ɾ í w aa,,,,
1525,,Tu,019,ipot,ipot,i p o t,,,,
1526,,Wa,019,ißojt,ißojt,i β o j t,,,,
1527,,Zo,019,bolíp,bolíp,b o l í p,,,,
1528,,Ak,019,kojtpit,kojtpit,k o j t p i t,,,,
1529,,Aw,019,piɾaʔɨt,piɾaʔɨt,p i ɾ a ʔ ɨ t,,,,
1530,,Ju,019,piʧa,piʧa,p i ʧ a,,,,
1531,,Ma,019,pi(i)ɾa,piiɾa,p ii ɾ a,,,,
1532,,Me,019,kɨjpit,kɨjpit,k ɨ j p i t,,,,
1533,,Pg,019,piɾa,piɾa,p i ɾ a,,,,
1534,,Pt,019,piɾa,piɾa,p i ɾ a,,,,
1535,,Ta,019,hipiɾã,hipiɾã,h i p i ɾ ã,,,,
1536,,Uk,019,piɾa,piɾa,p i ɾ a,,,,
1537,,Xi,019,ʃita,ʃita,ʃ i t a,,,,
1538,,Mu,019,aʃimá,aʃimá,a ʃ i m á,,,,
1539,,Ak,034,aoʧa,aoʧa,a o ʧ a,,,,
1540,,Aw,034,ʔak,ʔak,ʔ a k,,,,
1541,,Me,034,s-akosa,s-akosa,s a k o s a,,,,
1542,,Mu,034,akana̤sə̃́,akana̤sə̃́,a k a n a̤ s ə̃́,,,,
1543,,Tu,034,awsa,awsa,a w s a,,,,
1544,,Uk,034,i-ʔak,i-ʔak,i ʔ a k,,,,
1545,,Wa,034,ɲãŋɡoja,ɲãŋɡoja,ɲ ã ŋ g o j a,,,,
1546,,Ju,034,aʃã́,aʃã́,a ʃ ã́,,,,
1547,,Mw,034,i-aut,i-aut,i a u t,,,,
1548,,Pg,034,t-atĩ,t-atĩ,t a t ĩ,,,,
1549,,Pt,034,-atĩ,-atĩ,a t ĩ,,,,
1550,,Ta,034,ãtjĩ,ãtjĩ,ã t j ĩ,,,,
1551,,Xi,034,aʃã,aʃã,a ʃ ã,,,,
1552,,Ar,034,-apekot,-apekot,a p e k o t,,,,
1553,,Gv,034,-ápekôòt,-ápekôòt,á p e k ô ò t,,,,
1554,,Kt,034,opikĩɲõ,opikĩɲõ,o p i k ĩ ɲ õ,,,,
1555,,Ma,034,api-kɨb,api-kɨb,a p i k ɨ b,,,,
1556,,Ka,034,aʔ-naʔĩn,aʔ-naʔĩn,a ʔ n a ʔ ĩ n,,,,
1557,,Zo,034,cißatóa,cißatóa,c i β a t ó a,,,,
1558,,Su,034,nepí kooɾ,nepí kooɾ,n e p í _ k oo ɾ,,,,
1559,,Ju,007,má,má,m á,,,,
1560,,Ku,007,abɨ,abɨ,a b ɨ,,,,
1561,,Mu,007,abə́ ~ ábə,abə́ ~ ábə,a b é _ <???> _ á b ə,,,,
1562,,Pg,007,mava,mava,m a v a,,,,
1563,,Pt,007,maʔŋa,maʔŋa,m a ʔ ŋ a,,,,
1564,,Ta,007,ãwã,ãwã,ã w ã,,,,
1565,,Uk,007,awa,awa,a w a,,,,
1566,,Xi,007,ma,ma,m a,,,,
1567,,Ar,007,mé,mé,m é,,,,
1568,,Gv,007,mé,mé,m é,,,,
1569,,Ka,007,mõɾã,mõɾã,m õ ɾ ã,,,,
1570,,Zo,007,mé,mé,m é,,,,
1571,,Tu,007,apo,apo,a p o,,,,
1572,,Wa,007,apokwaat,apokwaat,a p o k w aa t,,,,
1573,,Ma,007,alikop,alikop,a l i k o p,,,,
1574,,Me,007,aɾobẽp,aɾobẽp,a ɾ o b ẽ p,,,,
1575,,Aw,007,kojɨka,kojɨka,k o j ɨ k a,,,,
1576,,Mw,007,uwẽi,uwẽi,u w ẽ i,,,,
1577,,Ka,007,nãn,nãn,n ã n,,,,
1578,,Ak,046,o-pi [obi],o-pi,o p i,,,,
1579,,Ar,046,-bí ~ -pí,-bí ~ -pí,b í _ <???> _ p í,,,,
1580,,Aw,046,ai-pɨ,ai-pɨ,a i p ɨ,,,,
1581,,Gv,046,-bí ~ -pí,-bí ~ -pí,b í _ <???> _ p í,,,,
1582,,Ju,046,bɨdaha,bɨdaha,b ɨ d a h a,,,,
1583,,Ju,046,bɨdahá,bɨdahá,b ɨ d a h á,,,,
1584,,Ka,046,i-pibeʔ,i-pibeʔ,i p i b e ʔ,,,,
1585,,Kt,046,pi,pi,p i,,,,
1586,,Ku,046,i,i,i,,,,
1587,,Ma,046,mbi,mbi,m b i,,,,
1588,,Me,046,o-piʦo,o-piʦo,o p i ts o,,,,
1589,,Mu,046,i,i,i,,,,
1590,,Pg,046,pɨ,pɨ,p ɨ,,,,
1591,,Pt,046,-pɨ,-pɨ,p ɨ,,,,
1592,,Pu,046,ʃibe,ʃibe,ʃ i b e,,,,
1593,,Sa,046,-pi-pe,-pi-pe,p i p e,,,,
1594,,Sa,046,-bíʔa,-bíʔa,b í ʔ a,,,,
1595,,Su,046,-mí-pe,-mí-pe,m í p e,,,,
1596,,Su,046,-pí-pe,-pí-pe,p í p e,,,,
1597,,Ta,046,mɨ,mɨ,m ɨ,,,,
1598,,Tu,046,sito,sito,s i t o,,,,
1599,,Uk,046,i-pɨ,i-pɨ,i p ɨ,,,,
1600,,Wa,046,mbi,mbi,m b i,,,,
1601,,Wa,046,o-ßi,o-ßi,o β i,,,,
1602,,Xi,046,bɨdapa,bɨdapa,b ɨ d a p a,,,,
1603,,Zo,046,-bí ~ -pí,-bí ~ -pí,b í _ <???> _ p í,,,,
1604,,Ar,087,-ßóóp,-ßóóp,β óó p,,,,
1605,,Gv,087,-ßóò-p,-ßóò-p,β ó ò p,,,,
1606,,Ka,087,up-tem,up-tem,u p t e m,,,,
1607,,Mw,087,i-hup,i-hup,i h u p,,,,
1608,,Pu,087,wəp,wəp,w ə p,,,,
1609,,Sa,087,ßóóp,ßóóp,β óó p,,,,
1610,,Su,087,-óóp,-óóp,óó p,,,,
1611,,Zo,087,-ßóò-p,-ßóò-p,β ó ò p,,,,
1612,,Ak,087,kop,kop,k o p,,,,
1613,,Me,087,i-kop,i-kop,i k o p,,,,
1614,,Tu,087,sop,sop,s o p,,,,
1615,,Wa,087,ŋɡopŋɡop,ŋɡopŋɡop,ŋ g o p ŋ g o p,,,,
1616,,Xi,087,kapuɾuɾi,kapuɾuɾi,k a p u ɾ u ɾ i,,,,
1617,,Aw,087,pilaŋ,pilaŋ,p i l a ŋ,,,,
1618,,Pg,087,pɨtã,pɨtã,p ɨ t ã,,,,
1619,,Pt,087,-piɾaŋ,-piɾaŋ,p i ɾ a ŋ,,,,
1620,,Ta,087,piɾɨŋ,piɾɨŋ,p i ɾ ɨ ŋ,,,,
1621,,Uk,087,i-piɾã,i-piɾã,i p i ɾ ã,,,,
1622,,Ku,087,pak,pak,p a k,,,,
1623,,Mu,087,-pak,-pak,p a k,,,,
1624,,Ma,087,ßɨɾɨp,ßɨɾɨp,β ɨ ɾ ɨ p,,,,
1625,,Ju,087,asúɾĩ,asúɾĩ,a s ú ɾ ĩ,,,,
1626,,Kt,087,sõm,sõm,s õ m,,,,
1627,,Ak,083,utat ɲẽn,utat ɲẽn,u t a t _ ɲ ẽ n,,,,
1628,,Ma,083,kĩjẽẽn,kĩjẽẽn,k ĩ j ẽẽ n,,,,
1629,,Me,083,jẽẽt,jẽẽt,j ẽẽ t,,,,
1630,,Tu,083,kɨɲẽẽn,kɨɲẽẽn,k ɨ ɲ ẽẽ n,,,,
1631,,Wa,083,kɨɲẽẽn,kɨɲẽẽn,k ɨ ɲ ẽẽ n,,,,
1632,,Ar,083,ßat kõp,ßat kõp,β a t _ k õ p,,,,
1633,,Gv,083,ßat kôòp kíìt,ßat kôòp kíìt,β a t _ k ô ò p _ k í ì t,,,,
1634,,Zo,083,ßat kõp kíìt,ßat kõp kíìt,β a t _ k õ p _ k í ì t,,,,
1635,,Pg,083,kusuɡwe,kusuɡwe,k u s u ɡ w e,,,,
1636,,Pt,083,kuhuv,kuhuv,k u h u v,,,,
1637,,Aw,083,taʐaʔipuk,taʐaʔipuk,t a ʐ a ʔ i p u k,,,,
1638,,Uk,083,tatimbuk,tatimbuk,t a t i m b u k,,,,
1639,,Ku,083,kabik,kabik,k a b i k,,,,
1640,,Mu,083,kabaó-ɾit,kabaó-ɾit,k a b a ó ɾ i t,,,,
1641,,Mw,083,ɨwɨɾut,ɨwɨɾut,ɨ w ɨ ɾ u t,,,,
1642,,Xi,083,pubuka,pubuka,p u b u k a,,,,
1643,,Ka,083,caɾĩŋ ʔaʔ,caɾĩŋ ʔaʔ,c a ɾ ĩ ŋ _ ʔ a ʔ,,,,
1644,,Pu,083,ʃĩ.ã,ʃĩ.ã,ʃ ĩ � ã,,,,
1645,,Sa,083,kã́ã́j kõp,kã́ã́j kõp,k ã́ã́ j _ k õ p,,,,
1646,,Su,083,íbioɡap,íbioɡap,í b i o g a p,,,,
1647,,Kt,083,siit,siit,s ii t,,,,
1648,,Aw,092,ɨpɨtako,ɨpɨtako,ɨ p ɨ t a k o,,,,
1649,,Pg,092,pɨhaɾe,pɨhaɾe,p ɨ h a ɾ e,,,,
1650,,Pt,092,ɨpɨtun,ɨpɨtun,ɨ p ɨ t u n,,,,
1651,,Ta,092,ɨpɨton,ɨpɨton,ɨ p ɨ t o n,,,,
1652,,Uk,092,pɨtun,pɨtun,p ɨ t u n,,,,
1653,,Ar,092,bicãk,bicãk,b i c ã k,,,,
1654,,Gv,092,bicãk,bicãk,b i c ã k,,,,
1655,,Sa,092,bisãk,bisãk,b i s ã k,,,,
1656,,Su,092,miʃãk,miʃãk,m i ʃ ã k,,,,
1657,,Zo,092,bicãk,bicãk,b i c ã k,,,,
1658,,Ma,092,ŋɡitaʔ,ŋɡitaʔ,ŋ g i t a ʔ,,,,
1659,,Wa,092,ɲĩndak,ɲĩndak,ɲ ĩ n d a k,,,,
1660,,Ak,092,maʧo,maʧo,m a ʧ o,,,,
1661,,Me,092,masopi,masopi,m a s o p i,,,,
1662,,Ju,092,kamadéhú,kamadéhú,k a m a d é h ú,,,,
1663,,Xi,092,kamadɨhu,kamadɨhu,k a m a d ɨ h u,,,,
1664,,Mw,092,wãtɨm,wãtɨm,w ã t ɨ m,,,,
1665,,Mu,092,kabi-óŋ,kabi-óŋ,k a b i ó ŋ,,,,
1666,,Ku,092,kijã-be,kijã-be,k i j ã b e,,,,
1667,,Tu,092,simʔe,simʔe,s i m ʔ e,,,,
1668,,Ka,092,iʔcak mãm,iʔcak mãm,i ʔ c a k _ m ã m,,,,
1669,,Pu,092,ʃew,ʃew,ʃ e w,,,,
1670,,Kt,092,dip,dip,d i p,,,,
1671,,Aw,058,ẽtup,ẽtup,ẽ t u p,,,,
1672,,Ju,058,ẽdú,ẽdú,ẽ d ú,,,,
1673,,Mw,058,aɾe-wanẽtup,aɾe-wanẽtup,a ɾ e w a n ẽ t u p,,,,
1674,,Pg,058,a-hendu,a-hendu,a h e n d u,,,,
1675,,Pt,058,-enduv,-enduv,e n d u v,,,,
1676,,Ta,058,inop,inop,i n o p,,,,
1677,,Uk,058,a-hendu,a-hendu,a h e n d u,,,,
1678,,Xi,058,ẽdu,ẽdu,ẽ d u,,,,
1679,,Ar,058,-pii,-pii,p ii,,,,
1680,,Gv,058,-pii,-pii,p ii,,,,
1681,,Sa,058,-pii,-pii,p ii,,,,
1682,,Su,058,-we-pii,-we-pii,w e p ii,,,,
1683,,Zo,058,-pii,-pii,p ii,,,,
1684,,Ma,058,kißaʔtoa,kißaʔtoa,k i β a ʔ t o a,,,,
1685,,Me,058,i-kwakʦoa,i-kwakʦoa,i k w a k ts o a,,,,
1686,,Wa,058,ŋɡwaktoa,ŋɡwaktoa,ŋ ɡ w a k t o a,,,,
1687,,Ku,058,kãjdo,kãjdo,k ã j d o,,,,
1688,,Mu,058,aʔĩ́ʤo,aʔĩ́ʤo,a ʔ ĩ́ dʒ o,,,,
1689,,Tu,058,apsiʔa,apsiʔa,a p s i ʔ a,,,,
1690,,Ka,058,weɾo toj,weɾo toj,w e ɾ o _ t o j,,,,
1691,,Kt,058,opiso,opiso,o p i s o,,,,
1692,,Ar,066,-ßolo,-ßolo,β o l o,,,,
1693,,Aw,066,-ut,-ut,u t,,,,
1694,,Gv,066,-ßolò,-ßolò,β o l ò,,,,
1695,,Kt,066,ɨɾɨt,ɨɾɨt,ɨ ɾ ɨ t,,,,
1696,,Ku,066,dot,dot,d o t,,,,
1697,,Ma,066,aɾ-iot,aɾ-iot,a ɾ i o t,,,,
1698,,Mu,066,dot ~ ʤot ~ sot,dot ~ ʤot ~ sot,d o t _ <???> _ dʒ o t _ <???> _ s o t,,,,
1699,,Pg,066,ju ~ u,ju ~ u,j u _ <???> _ u,,,,
1700,,Pt,066,-joɾ ~ -uɾ,-joɾ ~ -uɾ,j o ɾ _ <???> _ u ɾ,,,,
1701,,Pu,066,ßəta,ßəta,β ə t a,,,,
1702,,Sa,066,-ßool,-ßool,β oo l,,,,
1703,,Su,066,-ooɾ,-ooɾ,oo ɾ,,,,
1704,,Ta,066,tjat,tjat,t j a t,,,,
1705,,Uk,066,t-uɾ,t-uɾ,t u ɾ,,,,
1706,,Zo,066,-ßolo,-ßolo,β o l o,,,,
1707,,Ak,066,ita,ita,i t a,,,,
1708,,Ma,066,ßiia,ßiia,β ii a,,,,
1709,,Me,066,se-iat,se-iat,s e i a t,,,,
1710,,Ju,066,wɨ,wɨ,w ɨ,,,,
1711,,Xi,066,wɨ,wɨ,w ɨ,,,,
1712,,Wa,066,teɾa,teɾa,t e ɾ a,,,,
1713,,Tu,066,sa,sa,s a,,,,
1714,,Ka,066,-ti,-ti,t i,,,,
1715,,Ak,033,i-ʔap,i-ʔap,i ʔ a p,,,,
1716,,Ar,033,-kap,-kap,k a p,,,,
1717,,Aw,033,kap,kap,k a p,,,,
1718,,Gv,033,-kap,-kap,k a p,,,,
1719,,Ju,033,i-kahá,i-kahá,i k a h á,,,,
1720,,Ka,033,i-kap,i-kap,i k a p,,,,
1721,,Ku,033,ʃep,ʃep,ʃ e p,,,,
1722,,Ma,033,i-kap,i-kap,i k a p,,,,
1723,,Me,033,jap sese,jap sese,j a p _ s e s e,,,,
1724,,Mu,033,ʃep,ʃep,ʃ e p,,,,
1725,,Pt,033,-kav,-kav,k a v,,,,
1726,,Sa,033,-kap,-kap,k a p,,,,
1727,,Su,033,-kap,-kap,k a p,,,,
1728,,Ta,033,kam,kam,k a m,,,,
1729,,Tu,033,ap,ap,a p,,,,
1730,,Uk,033,ka,ka,k a,,,,
1731,,Wa,033,nʤap,nʤap,n dʒ a p,,,,
1732,,Xi,033,i-kapa,i-kapa,i k a p a,,,,
1733,,Zo,033,-kap,-kap,k a p,,,,
1734,,Pg,033,ɲandi,ɲandi,ɲ a n d i,,,,
1735,,Ma,033,weɾep,weɾep,w e ɾ e p,,,,
1736,,Pu,033,biʃoa,biʃoa,b i ʃ o a,,,,
1737,,Kt,033,oɾoja,oɾoja,o ɾ o j a,,,,
1738,,Ak,021,ameko,ameko,a m e k o,,,,
1739,,Ar,021,nekó,nekó,n e k ó,,,,
1740,,Kt,021,õmbakɨ,õmbakɨ,õ m b a k ɨ,,,,
1741,,Ma,021,amẽko,amẽko,a m ẽ k o,,,,
1742,,Me,021,ameko,ameko,a m e k o,,,,
1743,,Pu,021,ameko,ameko,a m e k o,,,,
1744,,Tu,021,amẽko,amẽko,a m ẽ k o,,,,
1745,,Wa,021,amẽko,amẽko,a m ẽ k o,,,,
1746,,Gv,021,áwɨlɨ,áwɨlɨ,á w ɨ l ɨ,,,,
1747,,Sa,021,áwɨlɨ,áwɨlɨ,á w ɨ l ɨ,,,,
1748,,Sa,021,áwɨɨl,áwɨɨl,á w ɨɨ l,,,,
1749,,Su,021,áwɨɾɨ,áwɨɾɨ,á w ɨ ɾ ɨ,,,,
1750,,Zo,021,áwɨlɨ,áwɨlɨ,á w ɨ l ɨ,,,,
1751,,Pg,021,jaɡwa,jaɡwa,j a ɡ w a,,,,
1752,,Pt,021,ɲaŋwatiŋ,ɲaŋwatiŋ,ɲ a ŋ w a t i ŋ,,,,
1753,,Uk,021,jawaɾ,jawaɾ,j a w a ɾ,,,,
1754,,Ku,021,ʧoaɾa,ʧoaɾa,ʧ o a ɾ a,,,,
1755,,Ma,021,awaɾe,awaɾe,a w a ɾ e,,,,
1756,,Ju,021,apí,apí,a p í,,,,
1757,,Xi,021,apɨ,apɨ,a p ɨ,,,,
1758,,Aw,021,tuwawatu,tuwawatu,t u w a w a t u,,,,
1759,,Mu,021,akíɾiʧé,akíɾiʧé,a k í ɾ i ʧ é,,,,
1760,,Ka,021,waw waw,waw waw,w a w _ w a w,,,,
1761,,Aw,088,kɨt,kɨt,k ɨ t,,,,
1762,,Ka,088,kɨɾɨk-tem,kɨɾɨk-tem,k ɨ ɾ ɨ k t e m,,,,
1763,,Kt,088,ket pitat,ket pitat,k e t _ p i t a t,,,,
1764,,Pt,088,jukɨɾɨ,jukɨɾɨ,j u k ɨ ɾ ɨ,,,,
1765,,Sa,088,kíít,kíít,k íí t,,,,
1766,,Su,088,-kíɾ,-kíɾ,k í ɾ,,,,
1767,,Zo,088,kíɾi,kíɾi,k í ɾ i,,,,
1768,,Mw,088,i-hɨɾɨp,i-hɨɾɨp,i h ɨ ɾ ɨ p,,,,
1769,,Pu,088,heɾo.a,heɾo.a,h e ɾ o � a,,,,
1770,,Ku,088,ɾẽm,ɾẽm,ɾ ẽ m,,,,
1771,,Mu,088,-ɾẽm,-ɾẽm,ɾ ẽ m,,,,
1772,,Pg,088,hovɨ,hovɨ,h o v ɨ,,,,
1773,,Uk,088,h-owɨ te,h-owɨ te,h o w ɨ _ t e,,,,
1774,,Ma,088,ɲẽɾẽm,ɲẽɾẽm,ɲ ẽ ɾ ẽ m,,,,
1775,,Wa,088,kweɾep,kweɾep,k w e ɾ e p,,,,
1776,,Ju,088,akéɮú,akéɮú,a k é ɮ ú,,,,
1777,,Xi,088,akɨu,akɨu,a k ɨ u,,,,
1778,,Ar,088,-ciɾõj,-ciɾõj,c i ɾ õ j,,,,
1779,,Gv,088,-cíɾôòj,-cíɾôòj,c í ɾ ô ò j,,,,
1780,,Ta,088,kahakɨɾa mahe,kahakɨɾa mahe,k a h a k ɨ ɾ a _ m a h e,,,,
1781,,Tu,088,siʔa,siʔa,s i ʔ a,,,,
1782,,Me,088,saʔɨp,saʔɨp,s a ʔ ɨ p,,,,
1783,,Aw,014,puku,puku,p u k u,,,,
1784,,Pg,014,puku,puku,p u k u,,,,
1785,,Pt,014,puku,puku,p u k u,,,,
1786,,Ta,014,poko,poko,p o k o,,,,
1787,,Uk,014,puku,puku,p u k u,,,,
1788,,Ar,014,atíít,atíít,a t íí t,,,,
1789,,Gv,014,-atóò,-atóò,a t ó ò,,,,
1790,,Sa,014,-ato,-ato,a t o,,,,
1791,,Sa,014,-atóó,-atóó,a t óó,,,,
1792,,Su,014,-ató-a,-ató-a,a t ó a,,,,
1793,,Zo,014,-atóò,-atóò,a t ó ò,,,,
1794,,Ak,014,peɾek,peɾek,p e ɾ e k,,,,
1795,,Me,014,peɾek,peɾek,p e ɾ e k,,,,
1796,,Mu,014,péɾén ~ béɾén,péɾén ~ béɾén,p é ɾ é n _ <???> _ b é ɾ é n,,,,
1797,,Ju,014,anáúhu,anáúhu,a n á ú h u,,,,
1798,,Ju,014,anáuhɨhɨ,anáuhɨhɨ,a n á u h ɨ h ɨ,,,,
1799,,Xi,014,nauhu,nauhu,n a u h u,,,,
1800,,Kt,014,hoɾowa,hoɾowa,h o ɾ o w a,,,,
1801,,Pu,014,tɨwa,tɨwa,t ɨ w a,,,,
1802,,Mw,014,ʔɨwop,ʔɨwop,ʔ ɨ w o p,,,,
1803,,Ku,014,tabiŋ-ʔõm,tabiŋ-ʔõm,t a b i ŋ ʔ õ m,,,,
1804,,Wa,014,kãm,kãm,k ã m,,,,
1805,,Ma,014,kãɾãŋ,kãɾãŋ,k ã ɾ ã ŋ,,,,
1806,,Tu,014,tããn,tããn,t ãã n,,,,
1807,,Ka,014,cáɾa-ɾem,cáɾa-ɾem,c á ɾ a ɾ e m,,,,
1808,,Ak,044,ʔõ,ʔõ,ʔ õ,,,,
1809,,Ar,044,-ko-káp,-ko-káp,k o k á p,,,,
1810,,Aw,044,ẽkũ,ẽkũ,ẽ k ũ,,,,
1811,,Gv,044,-ko-kíìp,-ko-kíìp,k o k í ì p,,,,
1812,,Ju,044,-kuã,-kuã,k u ã,,,,
1813,,Ka,044,koɾõmbo,koɾõmbo,k o ɾ õ m b o,,,,
1814,,Ku,044,kõ,kõ,k õ,,,,
1815,,Ma,044,ʔõmtʃẽm,ʔõmtʃẽm,ʔ õ m tʃ ẽ m,,,,
1816,,Me,044,ki-õ,ki-õ,k i õ,,,,
1817,,Mu,044,kõ,kõ,k õ,,,,
1818,,Mw,044,a-hekũ,a-hekũ,a h e k ũ,,,,
1819,,Pg,044,kũ,kũ,k ũ,,,,
1820,,Pt,044,-kũ,-kũ,k ũ,,,,
1821,,Pu,044,kobe,kobe,k o b e,,,,
1822,,Sa,044,-ko-séɾék,-ko-séɾék,k o s é ɾ é k,,,,
1823,,Su,044,-ko-ʃééɾ,-ko-ʃééɾ,k o ʃ éé ɾ,,,,
1824,,Ta,044,kõ,kõ,k õ,,,,
1825,,Tu,044,ʔõpe,ʔõpe,ʔ õ p e,,,,
1826,,Wa,044,õɲõ,õɲõ,õ ɲ õ,,,,
1827,,Xi,044,-kuã,-kuã,k u ã,,,,
1828,,Zo,044,-ko-kíìp,-ko-kíìp,k o k í ì p,,,,
1829,,Uk,044,h-embe,h-embe,h e m b e,,,,
1830,,Ka,044,i-jogá peʔ,i-jogá peʔ,i j o g á _ p e ʔ,,,,
1831,,Ak,043,ɲãj,ɲãj,ɲ ã j,,,,
1832,,Ar,043,-ɲẽ́ẽ́j,-ɲẽ́ẽ́j,ɲ ẽ́ẽ́ j,,,,
1833,,Aw,043,ãj,ãj,ã j,,,,
1834,,Gv,043,-jẽ́ẽ́j,-jẽ́ẽ́j,j ẽ́ẽ́ j,,,,
1835,,Ju,043,-ajã́,-ajã́,a j ã́,,,,
1836,,Ka,043,i-jãj kap,i-jãj kap,i j ã j _ k a p,,,,
1837,,Kt,043,ɲõɲ,ɲõɲ,ɲ õ ɲ,,,,
1838,,Ku,043,tãj ~ ɮãj,tãj ~ ɮãj,t ã j _ <???> _ ɮ ã j,,,,
1839,,Ma,043,ɲãɲ,ɲãɲ,ɲ ã ɲ,,,,
1840,,Me,043,o-jãj ~ o-ɲãj,o-jãj ~ o-ɲãj,o j ã j _ <???> _ o ɲ ã j,,,,
1841,,Mu,043,tə̃j ~ nə̃j,tə̃j ~ nə̃j,t ə̃ j _ <???> _ n ə̃ j,,,,
1842,,Mw,043,ah-ãi,ah-ãi,a h ã i,,,,
1843,,Pg,043,t-ãi,t-ãi,t ã i,,,,
1844,,Pt,043,-aɲ,-aɲ,a ɲ,,,,
1845,,Pu,043,ĩ-kap,ĩ-kap,ĩ k a p,,,,
1846,,Sa,043,-ĩ́ĩ́t,-ĩ́ĩ́t,ĩ́ĩ́ t,,,,
1847,,Ta,043,ĩj,ĩj,ĩ j,,,,
1848,,Tu,043,jãj,jãj,j ã j,,,,
1849,,Uk,043,h-ãi,h-ãi,h ã i,,,,
1850,,Wa,043,oɲãɲ,oɲãɲ,o ɲ ã ɲ,,,,
1851,,Xi,043,-ajã,-ajã,a j ã,,,,
1852,,Zo,043,-jẽ́ẽ́j,-jẽ́ẽ́j,j ẽ́ẽ́ j,,,,
1853,,Su,043,-kaap,-kaap,k aa p,,,,
1854,,Aw,016,kujã,kujã,k u j ã,,,,
1855,,Pg,016,kuɲa,kuɲa,k u ɲ a,,,,
1856,,Pt,016,kuɲa,kuɲa,k u ɲ a,,,,
1857,,Pu,016,pakoja,pakoja,p a k o j a,,,,
1858,,Ta,016,kotjɨ,kotjɨ,k o t j ɨ,,,,
1859,,Uk,016,kũjã,kũjã,k ũ j ã,,,,
1860,,Ak,016,aɾamiɾa,aɾamiɾa,a ɾ a m i ɾ a,,,,
1861,,Ma,016,aɾãpĩjã,aɾãpĩjã,a ɾ ã p ĩ j ã,,,,
1862,,Me,016,aɾamiɾa,aɾamiɾa,a ɾ a m i ɾ a,,,,
1863,,Tu,016,aɾamiɾã,aɾamiɾã,a ɾ a m i ɾ ã,,,,
1864,,Wa,016,ãɾãmĩɾã,ãɾãmĩɾã,ã ɾ ã m ĩ ɾ ã,,,,
1865,,Ar,016,ßãʣet,ßãʣet,β ã dz e t,,,,
1866,,Gv,016,ßãʣet,ßãʣet,β ã dz e t,,,,
1867,,Sa,016,ßãzet,ßãzet,β ã z e t,,,,
1868,,Su,016,ßáɬet,ßáɬet,β á ɬ e t,,,,
1869,,Zo,016,ßãzet,ßãzet,β ã z e t,,,,
1870,,Ju,016,iíʤa,iíʤa,i í dʒ a,,,,
1871,,Xi,016,siʤa,siʤa,s i dʒ a,,,,
1872,,Mw,016,haɾɨpoɾia,haɾɨpoɾia,h a ɾ ɨ p o ɾ i a,,,,
1873,,Mu,016,ajáʧát,ajáʧát,a j á ʧ á t,,,,
1874,,Ku,016,ao,ao,a o,,,,
1875,,Ka,016,maʔpəj,maʔpəj,m a ʔ p ə j,,,,
1876,,Kt,016,ej pat,ej pat,e j _ p a t,,,,
1877,,Ar,099,-kã́ɡãã,-kã́ɡãã,k ã́ g ãã,,,,
1878,,Aw,099,mo-kaŋa,mo-kaŋa,m o k a ŋ a,,,,
1879,,Gv,099,-káɡaà,-káɡaà,k á g a à,,,,
1880,,Ma,099,mu-ŋaŋ,mu-ŋaŋ,m u ŋ a ŋ,,,,
1881,,Pg,099,kã,kã,k ã,,,,
1882,,Pt,099,-kaŋ,-kaŋ,k a ŋ,,,,
1883,,Sa,099,-kã́ɡã,-kã́ɡã,k ã́ g ã,,,,
1884,,Su,099,-káɡãã,-káɡãã,k á g ãã,,,,
1885,,Ta,099,ma-kɨŋ,ma-kɨŋ,m a k ɨ ŋ,,,,
1886,,Uk,099,ʃikã,ʃikã,ʃ i k ã,,,,
1887,,Zo,099,-kã́ɡãã,-kã́ɡãã,k ã́ g ãã,,,,
1888,,Me,099,i-paaɡa,i-paaɡa,i p aa g a,,,,
1889,,Wa,099,paßa,paßa,p a β a,,,,
1890,,Pu,099,kĩɾĩk,kĩɾĩk,k ĩ ɾ ĩ k,,,,
1891,,Xi,099,kɨɾɨtu,kɨɾɨtu,k ɨ ɾ ɨ t u,,,,
1892,,Mu,099,káɾáw,káɾáw,k á ɾ á w,,,,
1893,,Ku,099,pɨɾɨk,pɨɾɨk,p ɨ ɾ ɨ k,,,,
1894,,Ma,099,ßok,ßok,β o k,,,,
1895,,Tu,099,ketʔe,ketʔe,k e t ʔ e,,,,
1896,,Ju,099,ʧuɾáʧú,ʧuɾáʧú,ʧ u ɾ á ʧ ú,,,,
1897,,Ju,099,huakú,huakú,h u a k ú,,,,
1898,,Ka,099,aʔcaɾaŋ nãn,aʔcaɾaŋ nãn,a ʔ c a ɾ a ŋ _ n ã n,,,,
1899,,Kt,099,pihop,pihop,p i h o p,,,,
1900,,Ar,096,-palí,-palí,p a l í,,,,
1901,,Gv,096,-paɾâàt,-paɾâàt,p a ɾ â à t,,,,
1902,,Ju,096,wãbí,wãbí,w ã b í,,,,
1903,,Ka,096,pã́t-tem,pã́t-tem,p ã́ t t e m,,,,
1904,,Ma,096,poat,poat,p o a t,,,,
1905,,Sa,096,-palabót,-palabót,p a l a b ó t,,,,
1906,,Tu,096,poat,poat,p o a t,,,,
1907,,Wa,096,paɾe,paɾe,p a ɾ e,,,,
1908,,Xi,096,pã,pã,p ã,,,,
1909,,Zo,096,-paɾaat,-paɾaat,p a ɾ aa t,,,,
1910,,Aw,096,katu,katu,k a t u,,,,
1911,,Pt,096,-katu,-katu,k a t u,,,,
1912,,Ta,096,kãto,kãto,k ã t o,,,,
1913,,Uk,096,katu,katu,k a t u,,,,
1914,,Ak,096,ʧami,ʧami,ʧ a m i,,,,
1915,,Me,096,same,same,s a m e,,,,
1916,,Pg,096,poɾã,poɾã,p o ɾ ã,,,,
1917,,Mw,096,i-waku,i-waku,i w a k u,,,,
1918,,Mu,096,ʃípat,ʃípat,ʃ í p a t,,,,
1919,,Ku,096,itim,itim,i t i m,,,,
1920,,Pu,096,kapiʃe,kapiʃe,k a p i ʃ e,,,,
1921,,Su,096,ãtée,ãtée,ã t é e,,,,
1922,,Kt,096,seʔa,seʔa,s e ʔ a,,,,
1923,,Aw,026,apo,apo,a p o,,,,
1924,,Ku,026,tabɨʔ,tabɨʔ,t a b ɨ ʔ,,,,
1925,,Ma,026,hapo ~ sapo,hapo ~ sapo,h a p o _ <???> _ s a p o,,,,
1926,,Mu,026,ta̤bə́ ~ na̤bə́,ta̤bə́ ~ na̤bə́,t a̤ b é _ <???> _ n a̤ b ə́,,,,
1927,,Pg,026,t-apo,t-apo,t a p o,,,,
1928,,Pt,026,-apo,-apo,a p o,,,,
1929,,Uk,026,h-apo,h-apo,h a p o,,,,
1930,,Ak,026,kɨbita,kɨbita,k ɨ b i t a,,,,
1931,,Ma,026,ẽmbiaʔ,ẽmbiaʔ,ẽ m b i a ʔ,,,,
1932,,Me,026,kɨpkibisa,kɨpkibisa,k ɨ p k i b i s a,,,,
1933,,Tu,026,kɨpkɨpʔi,kɨpkɨpʔi,k ɨ p k ɨ p ʔ i,,,,
1934,,Ar,026,pákʔa,pákʔa,p á k ʔ a,,,,
1935,,Gv,026,páɡaá,páɡaá,p á g a á,,,,
1936,,Sa,026,sobákʔaa,sobákʔaa,s o b á k ʔ aa,,,,
1937,,Zo,026,páɡa,páɡa,p á g a,,,,
1938,,Wa,026,kɨjupe,kɨjupe,k ɨ j u p e,,,,
1939,,Ka,026,acibe,acibe,a c i b e,,,,
1940,,Su,026,tákṍn,tákṍn,t á k õ n,,,,
1941,,Kt,026,kĩɲĩmbɨ,kĩɲĩmbɨ,k ĩ ɲ ĩ m b ɨ,,,,
1942,,Aw,061,-majõ,-majõ,m a j õ,,,,
1943,,Pg,061,a-mano,a-mano,a m a n o,,,,
1944,,Pt,061,-mano,-mano,m a n o,,,,
1945,,Ta,061,manõ,manõ,m a n õ,,,,
1946,,Uk,061,manõ,manõ,m a n õ,,,,
1947,,Ka,061,paj,paj,p a j,,,,
1948,,Kt,061,pop,pop,p o p,,,,
1949,,Me,061,se-poɾoka,se-poɾoka,s e p o ɾ o k a,,,,
1950,,Tu,061,pawa,pawa,p a w a,,,,
1951,,Wa,061,paɡa,paɡa,p a g a,,,,
1952,,Ar,061,-ßii,-ßii,β ii,,,,
1953,,Gv,061,-ßiì,-ßiì,β i ì,,,,
1954,,Sa,061,-jii,-jii,j ii,,,,
1955,,Sa,061,-ii,-ii,ii,,,,
1956,,Su,061,-ii,-ii,ii,,,,
1957,,Zo,061,-ßiì,-ßiì,β i ì,,,,
1958,,Ju,061,ʔeʔã́,ʔeʔã́,ʔ e ʔ ã́,,,,
1959,,Ku,061,ẽʔə̃,ẽʔə̃,ẽ ʔ ə̃,,,,
1960,,Mu,061,éʔə̃,éʔə̃,é ʔ ə̃,,,,
1961,,Xi,061,(h)ejã,hejã,h e j ã,,,,
1962,,Mw,061,ui-kuʔuɾo,ui-kuʔuɾo,u i k u ʔ u ɾ o,,,,
1963,,Ma,061,pɨɨtoɾoɾa,pɨɨtoɾoɾa,p ɨɨ t o ɾ o ɾ a,,,,
1964,,Pu,061,ʃomoɾõm,ʃomoɾõm,ʃ o m o ɾ õ m,,,,
1965,,Ar,040,-ɟa-káp,-ɟa-káp,ɟ a k á p,,,,
1966,,Aw,040,ta,ta,t a,,,,
1967,,Gv,040,-ja-kíìp,-ja-kíìp,j a k í ì p,,,,
1968,,Ju,040,-eʔá,-eʔá,e ʔ á,,,,
1969,,Ku,040,eta(ʔ),etaʔ,e t a ʔ,,,,
1970,,Ma,040,ʧiʧa,ʧiʧa,ʧ i ʧ a,,,,
1971,,Mu,040,etá,etá,e t á,,,,
1972,,Mw,040,ah-eha,ah-eha,a h e h a,,,,
1973,,Pg,040,t-esa,t-esa,t e s a,,,,
1974,,Pt,040,-eaʔɨɾ,-eaʔɨɾ,e a ʔ ɨ ɾ,,,,
1975,,Sa,040,-ʒa-káp,-ʒa-káp,ʒ a k á p,,,,
1976,,Su,040,-ja-káwa,-ja-káwa,j a k á w a,,,,
1977,,Ta,040,ẽã,ẽã,ẽ ã,,,,
1978,,Uk,040,eha,eha,e h a,,,,
1979,,Xi,040,sea,sea,s e a,,,,
1980,,Zo,040,-ja-kíìp,-ja-kíìp,j a k í ì p,,,,
1981,,Ak,040,epapa,epapa,e p a p a,,,,
1982,,Me,040,o-ebaopap,o-ebaopap,o e b a o p a p,,,,
1983,,Tu,040,epa,epa,e p a,,,,
1984,,Wa,040,eßapap,eßapap,e β a p a p,,,,
1985,,Ka,040,i-caɡá ʔaʔ,i-caɡá ʔaʔ,i c a g á _ ʔ a ʔ,,,,
1986,,Pu,040,toka,toka,t o k a,,,,
1987,,Kt,040,sɨɨpo,sɨɨpo,s ɨɨ p o,,,,
1988,,Ju,068,abíkú,abíkú,a b í k ú,,,,
1989,,Mu,068,-a̤bík,-a̤bík,a̤ b í k,,,,
1990,,Mw,068,aɾ-aʔapɨk,aɾ-aʔapɨk,a ɾ a ʔ a p ɨ k,,,,
1991,,Pg,068,a-ɡwapɨ,a-ɡwapɨ,a ɡ w a p ɨ,,,,
1992,,Pt,068,-ʔapɨɡ,-ʔapɨɡ,ʔ a p ɨ g,,,,
1993,,Pu,068,tapia,tapia,t a p i a,,,,
1994,,Ta,068,ãpɨk,ãpɨk,ã p ɨ k,,,,
1995,,Uk,068,wapɨk,wapɨk,w a p ɨ k,,,,
1996,,Xi,068,bɨku,bɨku,b ɨ k u,,,,
1997,,Ar,068,-potóó,-potóó,p o t óó,,,,
1998,,Gv,068,-potóòt,-potóòt,p o t ó ò t,,,,
1999,,Sa,068,-potóó,-potóó,p o t óó,,,,
2000,,Su,068,-pató,-pató,p a t ó,,,,
2001,,Zo,068,-potóòt,-potóòt,p o t ó ò t,,,,
2002,,Me,068,se-kõjãã,se-kõjãã,s e k õ j ãã,,,,
2003,,Wa,068,ŋõŋã,ŋõŋã,ŋ õ ŋ ã,,,,
2004,,Aw,068,otiɡeju,otiɡeju,o t i g e j u,,,,
2005,,Ma,068,ßotnẽ,ßotnẽ,β o t n ẽ,,,,
2006,,Ku,068,ʤí-ʔi,ʤí-ʔi,dʒ í ʔ i,,,,
2007,,Tu,068,epsika,epsika,e p s i k a,,,,
2008,,Kt,068,ibik tĩɲã,ibik tĩɲã,i b i k _ t ĩ ɲ ã,,,,
2009,,Ka,068,paɾamu,paɾamu,p a ɾ a m u,,,,
2010,,Aw,050,tuɾʔɨp,tuɾʔɨp,t u ɾ ʔ ɨ p,,,,
2011,,Ka,050,i-ot káʔ,i-ot káʔ,i o t _ k á ʔ,,,,
2012,,Mw,050,a-huɾʔɨp,a-huɾʔɨp,a h u ɾ ʔ ɨ p,,,,
2013,,Pg,050,ajuɾa,ajuɾa,a j u ɾ a,,,,
2014,,Pt,050,juɾ,juɾ,j u ɾ,,,,
2015,,Ta,050,tjot,tjot,t j o t,,,,
2016,,Uk,050,juɾupɨ,juɾupɨ,j u ɾ u p ɨ,,,,
2017,,Xi,050,ubuɾia,ubuɾia,u b u ɾ i a,,,,
2018,,Ar,050,-ãbo kã́ã́lĩĩ,-ãbo kã́ã́lĩĩ,ã b o _ k ã́ã́ l ĩĩ,,,,
2019,,Gv,050,-ábôò kã́lĩ,-ábôò kã́lĩ,á b ô ò _ k ã́ l ĩ,,,,
2020,,Sa,050,-ãbo-kã́ãl,-ãbo-kã́ãl,ã b o k ã́ ã l,,,,
2021,,Su,050,-ámoo-kããɾ,-ámoo-kããɾ,á m oo k ãã ɾ,,,,
2022,,Zo,050,-abóó kã́lĩ,-abóó kã́lĩ,a b óó _ k ã́ l ĩ,,,,
2023,,Ak,050,potkɨp,potkɨp,p o t k ɨ p,,,,
2024,,Ma,050,ßotkɨp,ßotkɨp,β o t k ɨ p,,,,
2025,,Me,050,kotkɨp,kotkɨp,k o t k ɨ p,,,,
2026,,Tu,050,otkɨp,otkɨp,o t k ɨ p,,,,
2027,,Wa,050,o-ɡotkɨp,o-ɡotkɨp,o g o t k ɨ p,,,,
2028,,Ku,050,anõbɨ,anõbɨ,a n õ b ɨ,,,,
2029,,Ku,050,j-anõbɨʔ,j-anõbɨʔ,j a n õ b ɨ ʔ,,,,
2030,,Mu,050,aŋóbə,aŋóbə,a ŋ ó b ə,,,,
2031,,Mu,050,j-a̤ŋóbə,j-a̤ŋóbə,j a̤ ŋ ó b ə,,,,
2032,,Ju,050,-ĩʔṹ,-ĩʔṹ,ĩ ʔ ũ,,,,
2033,,Pu,050,buʃuka,buʃuka,b u ʃ u k a,,,,
2034,,Kt,050,hɨt,hɨt,h ɨ t,,,,
2035,,Ak,025,tep,tep,t e p,,,,
2036,,Ar,025,ʦep,ʦep,ts e p,,,,
2037,,Aw,025,op,op,o p,,,,
2038,,Gv,025,ʦep,ʦep,ts e p,,,,
2039,,Ju,025,-úpá,-úpá,ú p á,,,,
2040,,Ka,025,naʔjop cɨʔ,naʔjop cɨʔ,n a ʔ j o p _ c ɨ ʔ,,,,
2041,,Kt,025,ʔepesap,ʔepesap,ʔ e p e s a p,,,,
2042,,Ku,025,tɨp ~ lɨp,tɨp ~ lɨp,t ɨ p _ <???> _ l ɨ p,,,,
2043,,Ma,025,tʃeep,tʃeep,tʃ ee p,,,,
2044,,Me,025,ep,ep,e p,,,,
2045,,Mu,025,təp ~ dəp,təp ~ dəp,t ə p _ <???> _ d ə p,,,,
2046,,Pg,025,t-oɡwe,t-oɡwe,t o ɡ w e,,,,
2047,,Pt,025,-ova,-ova,o v a,,,,
2048,,Pu,025,təp,təp,t ə p,,,,
2049,,Sa,025,bá-sep,bá-sep,b á s e p,,,,
2050,,Ta,025,ap,ap,a p,,,,
2051,,Tu,025,hep,hep,h e p,,,,
2052,,Uk,025,h-o,h-o,h o,,,,
2053,,Wa,025,kaɾa-ndep,kaɾa-ndep,k a ɾ a n d e p,,,,
2054,,Xi,025,ipa supa,ipa supa,i p a _ s u p a,,,,
2055,,Zo,025,sep,sep,s e p,,,,
2056,,Su,025,mó-sĩ́ĩ́n,mó-sĩ́ĩ́n,m ó s ĩ́ĩ́ n,,,,
2057,,Pg,064,a-veve,a-veve,a v e v e,,,,
2058,,Pt,064,-veve,-veve,v e v e,,,,
2059,,Ta,064,wewe,wewe,w e w e,,,,
2060,,Uk,064,wewe,wewe,w e w e,,,,
2061,,Gv,064,-pepó-tẽẽ̀,-pepó-tẽẽ̀,p e p ó t ẽẽ �,,,,
2062,,Tu,064,pep oɾa,pep oɾa,p e p _ o ɾ a,,,,
2063,,Ju,064,ʔáṹ,ʔáṹ,ʔ á ũ,,,,
2064,,Xi,064,aũ,aũ,a ũ,,,,
2065,,Aw,064,-wúɾe,-wúɾe,w ú ɾ e,,,,
2066,,Mu,064,pəpəp,pəpəp,p ə p ə p,,,,
2067,,Wa,064,embɨɾa,embɨɾa,e m b ɨ ɾ a,,,,
2068,,Gv,095,bíɾá,bíɾá,b í ɾ á,,,,
2069,,Mw,095,h-owopɨ,h-owopɨ,h o w o p ɨ,,,,
2070,,Pu,095,bɨdət,bɨdət,b ɨ d ə t,,,,
2071,,Su,095,bííɾa,bííɾa,b íí ɾ a,,,,
2072,,Zo,095,bíɾá,bíɾá,b í ɾ á,,,,
2073,,Ar,095,-tõŋ-jã,-tõŋ-jã,t õ ŋ j ã,,,,
2074,,Ka,095,tõn-nem,tõn-nem,t õ n n e m,,,,
2075,,Ma,095,tõm,tõm,t õ m,,,,
2076,,Pg,095,h-enɨhẽ,h-enɨhẽ,h e n ɨ h ẽ,,,,
2077,,Pt,095,-ɨnɨhem,-ɨnɨhem,ɨ n ɨ h e m,,,,
2078,,Me,095,i-ot,i-ot,i o t,,,,
2079,,Me,095,i-jot,i-jot,i j o t,,,,
2080,,Wa,095,ɲʤot,ɲʤot,ɲ dʒ o t,,,,
2081,,Ju,095,naníṹ,naníṹ,n a n í ũ,,,,
2082,,Xi,095,nanẽũ,nanẽũ,n a n ẽ ũ,,,,
2083,,Uk,095,tɨhɨɾem,tɨhɨɾem,t ɨ h ɨ ɾ e m,,,,
2084,,Aw,095,put,put,p u t,,,,
2085,,Mu,095,beŋbeŋ,beŋbeŋ,b e ŋ b e ŋ,,,,
2086,,Ku,095,ep,ep,e p,,,,
2087,,Tu,095,eɨɾa,eɨɾa,e ɨ ɾ a,,,,
2088,,Kt,095,osɨk,osɨk,o s ɨ k,,,,
2089,,Ak,018,aoʧe,aoʧe,a o ʧ e,,,,
2090,,Me,018,aose,aose,a o s e,,,,
2091,,Pg,018,ava,ava,a v a,,,,
2092,,Ta,018,ãwã,ãwã,ã w ã,,,,
2093,,Uk,018,awa,awa,a w a,,,,
2094,,Wa,018,aote nã,aote nã,a o t e _ n ã,,,,
2095,,Ar,018,pãdeɾe,pãdeɾe,p ã d e ɾ e,,,,
2096,,Gv,018,pa-deɾè,pa-deɾè,p a d e ɾ è,,,,
2097,,Pu,018,dede,dede,d e d e,,,,
2098,,Sa,018,pã-deet,pã-deet,p ã d ee t,,,,
2099,,Su,018,pa-íteeɾ,pa-íteeɾ,p a í t ee ɾ,,,,
2100,,Zo,018,pãdeɾe,pãdeɾe,p ã d e ɾ e,,,,
2101,,Ma,018,kiteʔ,kiteʔ,k i t e ʔ,,,,
2102,,Tu,018,kiɾe,kiɾe,k i ɾ e,,,,
2103,,Pt,018,ahe,ahe,a h e,,,,
2104,,Aw,018,mõʔat,mõʔat,m õ ʔ a t,,,,
2105,,Mw,018,miit,miit,m ii t,,,,
2106,,Xi,018,tana,tana,t a n a,,,,
2107,,Ju,018,dubiá,dubiá,d u b i á,,,,
2108,,Ka,018,iʔtə,iʔtə,i ʔ t ə,,,,
2109,,Kt,018,pɨeso,pɨeso,p ɨ e s o,,,,
2110,,Aw,063,ɨta(ta)p,ɨtatap,ɨ t a t a p,,,,
2111,,Me,063,se-kia,se-kia,s e k i a,,,,
2112,,Mw,063,aɾe-ʔɨha,aɾe-ʔɨha,a ɾ e ʔ ɨ h a,,,,
2113,,Pg,063,ha-ɨta,ha-ɨta,h a ɨ t a,,,,
2114,,Pt,063,-ɨtav,-ɨtav,ɨ t a v,,,,
2115,,Ta,063,hɨɨtam,hɨɨtam,h ɨɨ t a m,,,,
2116,,Gv,063,kápkáßá,kápkáßá,k á p k á β á,,,,
2117,,Su,063,kápkábá,kápkábá,k á p k á b á,,,,
2118,,Mu,063,dok,dok,d o k,,,,
2119,,Ku,063,titi-ɮãm,titi-ɮãm,t i t i ɮ ã m,,,,
2120,,Wa,063,tiapa,tiapa,t i a p a,,,,
2121,,Tu,063,ʔewɾa,ʔewɾa,ʔ e w ɾ a,,,,
2122,,Xi,063,tahu,tahu,t a h u,,,,
2123,,Ju,063,ibɨkáɾáhu,ibɨkáɾáhu,i b ɨ k á ɾ á h u,,,,
2124,,Ka,063,puŋ puŋ,puŋ puŋ,p u ŋ _ p u ŋ,,,,
2125,,Ar,063,tã́ktã́ŋã́,tã́ktã́ŋã́,t ã́ k t ã́ ŋ ã́,,,,
2126,,Zo,063,kṍjkṍjã,kṍjkṍjã,k õ j k õ j ã,,,,
2127,,Sa,063,-sátẽ,-sátẽ,s á t ẽ,,,,
2128,,Kt,063,tak tak,tak tak,t a k _ t a k,,,,
2129,,Ar,067,-aat,-aat,aa t,,,,
2130,,Gv,067,-aʔâàt,-aʔâàt,a ʔ â à t,,,,
2131,,Su,067,-ááta,-ááta,áá t a,,,,
2132,,Zo,067,-aat,-aat,aa t,,,,
2133,,Ku,067,po,po,p o,,,,
2134,,Ku,067,pi,pi,p i,,,,
2135,,Mu,067,po,po,p o,,,,
2136,,Pu,067,bopa,bopa,b o p a,,,,
2137,,Kt,067,nẽŋa,nẽŋa,n ẽ ŋ a,,,,
2138,,Pg,067,a-ɲeno,a-ɲeno,a ɲ e n o,,,,
2139,,Uk,067,nino,nino,n i n o,,,,
2140,,Ma,067,pɨɨt,pɨɨt,p ɨɨ t,,,,
2141,,Me,067,pɨkaat,pɨkaat,p ɨ k aa t,,,,
2142,,Ta,067,ham,ham,h a m,,,,
2143,,Pt,067,-ʔau,-ʔau,ʔ a u,,,,
2144,,Aw,067,oʔapaɾeju,oʔapaɾeju,o ʔ a p a ɾ e j u,,,,
2145,,Mw,067,taʔtatuŋ,taʔtatuŋ,t a ʔ t a t u ŋ,,,,
2146,,Wa,067,ndoa,ndoa,n d o a,,,,
2147,,Tu,067,anea,anea,a n e a,,,,
2148,,Xi,067,ʃikuɾu,ʃikuɾu,ʃ i k u ɾ u,,,,
2149,,Ju,067,pɨʃɨhú,pɨʃɨhú,p ɨ ʃ ɨ h ú,,,,
2150,,Ka,067,-moj,-moj,m o j,,,,
2151,,Ar,029,jõp,jõp,j õ p,,,,
2152,,Gv,029,jõ̂õ̀p,jõ̂õ̀p,j õ̂ õ̀ p,,,,
2153,,Ku,029,ẽn,ẽn,ẽ n,,,,
2154,,Ma,029,ɲĩĩɾaʔ,ɲĩĩɾaʔ,ɲ ĩĩ ɾ a ʔ,,,,
2155,,Me,029,kwe jẽɾã,kwe jẽɾã,k w e _ j ẽ ɾ ã,,,,
2156,,Mu,029,ẽn,ẽn,ẽ n,,,,
2157,,Su,029,jṍm-a,jṍm-a,j õ m a,,,,
2158,,Tu,029,nienʔã,nienʔã,n i e n ʔ ã,,,,
2159,,Wa,029,iko-ɲẽɾã,iko-ɲẽɾã,i k o ɲ ẽ ɾ ã,,,,
2160,,Zo,029,jṍṍß-a,jṍṍß-a,j õõ β a,,,,
2161,,Aw,029,ujã,ujã,u j ã,,,,
2162,,Pg,029,s-oʔo,s-oʔo,s o ʔ o,,,,
2163,,Pt,029,-aʔo,-aʔo,a ʔ o,,,,
2164,,Ta,029,aha,aha,a h a,,,,
2165,,Uk,029,h-u-kweɾ,h-u-kweɾ,h u k w e ɾ,,,,
2166,,Ju,029,aʧá,aʧá,a ʧ á,,,,
2167,,Pu,029,ʔita,ʔita,ʔ i t a,,,,
2168,,Xi,029,ata,ata,a t a,,,,
2169,,Mw,029,i-puʔi,i-puʔi,i p u ʔ i,,,,
2170,,Ka,029,cĩm,cĩm,c ĩ m,,,,
2171,,Kt,029,pisɨp,pisɨp,p i s ɨ p,,,,
2172,,Aw,059,kwawap,kwawap,k w a w a p,,,,
2173,,Mw,059,ati-kuap,ati-kuap,a t i k u a p,,,,
2174,,Pg,059,ai-kuaa,ai-kuaa,a i k u aa,,,,
2175,,Pt,059,-kwahav,-kwahav,k w a h a v,,,,
2176,,Ta,059,a-kwaam,a-kwaam,a k w aa m,,,,
2177,,Uk,059,u-kwa,u-kwa,u k w a,,,,
2178,,Ar,059,-jaat,-jaat,j aa t,,,,
2179,,Gv,059,-jaàt,-jaàt,j a à t,,,,
2180,,Zo,059,-jaat,-jaat,j aa t,,,,
2181,,Ku,059,taibit,taibit,t a i b i t,,,,
2182,,Mu,059,ta̤jbít,ta̤jbít,t a � j b í t,,,,
2183,,Me,059,soap samek,soap samek,s o a p _ s a m e k,,,,
2184,,Tu,059,oap-ʧia,oap-ʧia,o a p ʧ i a,,,,
2185,,Kt,059,sõndɨp,sõndɨp,s õ n d ɨ p,,,,
2186,,Wa,059,ßoẽndop,ßoẽndop,β o ẽ n d o p,,,,
2187,,Ju,059,ubahú,ubahú,u b a h ú,,,,
2188,,Xi,059,bahu,bahu,b a h u,,,,
2189,,Ma,059,kɨßatoa,kɨßatoa,k ɨ β a t o a,,,,
2190,,Ka,059,cahməj nãn,cahməj nãn,c a h m ə j _ n ã n,,,,
2191,,Aw,012,mokõj,mokõj,m o k õ j,,,,
2192,,Pg,012,mokõj,mokõj,m o k õ j,,,,
2193,,Pt,012,mokõɲ,mokõɲ,m o k õ ɲ,,,,
2194,,Ta,012,mokõj,mokõj,m o k õ j,,,,
2195,,Uk,012,mokõj,mokõj,m o k õ j,,,,
2196,,Ak,012,tɨɾɨ,tɨɾɨ,t ɨ ɾ ɨ,,,,
2197,,Me,012,tɨɾɨ.ẽp,tɨɾɨ.ẽp,t ɨ ɾ ɨ � ẽ p,,,,
2198,,Mw,012,tɨɨpɨ,tɨɨpɨ,t ɨɨ p ɨ,,,,
2199,,Tu,012,hɨɾɨ,hɨɾɨ,h ɨ ɾ ɨ,,,,
2200,,Wa,012,ndɨɾɨt,ndɨɾɨt,n d ɨ ɾ ɨ t,,,,
2201,,Ar,012,bosa,bosa,b o s a,,,,
2202,,Zo,012,bósaat,bósaat,b ó s aa t,,,,
2203,,Mu,012,ʃépʃép,ʃépʃép,ʃ é p ʃ é p,,,,
2204,,Ku,012,poɾakã,poɾakã,p o ɾ a k ã,,,,
2205,,Ma,012,eɾeʔa,eɾeʔa,e ɾ e ʔ a,,,,
2206,,Xi,012,bɨda,bɨda,b ɨ d a,,,,
2207,,Ju,012,jauda,jauda,j a u d a,,,,
2208,,Ka,012,caɡáɾo kõm-nem,caɡáɾo kõm-nem,c a g á ɾ o _ k õ m n e m,,,,
2209,,Pu,012,ßewap,ßewap,β e w a p,,,,
2210,,Gv,012,paá-ja-kíìp,paá-ja-kíìp,p a á j a k í ì p,,,,
2211,,Su,012,mĩ́jakábɨt,mĩ́jakábɨt,m ĩ́ j a k á b ɨ t,,,,
2212,,Kt,012,sɨpõmp,sɨpõmp,s ɨ p õ m p,,,,
